TimeStamp,kielecki,pizza,maslo,jablka,makaron,chleb,mydlo,kurczak,jajka,rolex,whisky,piwo,buty,auto_Mean,auto_Median,telefon,bigmac,m2wtorny,m2pierwotny,benzyna,lot,fryzjer,upc,prad,lekarz_Mean,lekarz_Median,aspiryna,karma,kasjer,xau,chf,usd,kindle
2020-04-29 16:39:24,8.99,7.99,5.99,3.99,0,1.99,5.49,,,207249,0,0,699,,,,,,,,,,,,,,7.88,139,,,,,
2020-04-29 16:40:53,8.99,7.99,5.99,3.99,0,1.99,5.49,,,207249,0,0,699,,,,,,,,,,,,,,7.88,139,,,,,
2020-04-29 16:41:10,8.99,7.99,5.99,3.99,0,1.99,5.49,,,207249,0,0,699,,,,,,,,,,,,,,7.88,139,,,,,
2020-04-29 16:49:33,8.99,7.99,5.99,3.99,0,1.99,5.49,,,207249,0,0,699,,,,,,,,,,,,,,7.88,139,,,,,
2020-04-29 16:57:27,8.99,7.99,5.99,3.99,0,1.99,5.49,,,207249,0,0,699,,,,,,,,,,,,,,7.88,139,,,,,
2020-04-29 17:36:59,8.99,7.99,5.99,3.99,0,1.99,5.49,,,207249,0,0,699,,,,,,,,,,,,,,7.88,139,,,,,
2020-04-29 20:59:28,8.99,7.99,5.99,3.99,0,1.99,5.49,,,207249,0,0,699,,,,,,,,,,,,,,7.88,139,,,,,
2020-04-29 21:26:28,8.99,7.99,5.99,3.99,0,1.99,5.49,,,207249,0,0,699,,,,,,,3.32,,,,0.59,,,7.88,139,,,,,
2020-04-29 21:36:14,8.99,7.99,5.99,3.99,0,1.99,5.49,,,207249,0,0,699,,,,,,,3.32,,,59.99,0.59,,,7.88,139,,,,,
2020-04-30 10:23:45,8.99,7.99,5.99,3.99,0,1.99,5.49,,,207249,0,0,699,,,,,,,3.32,,,59.99,0.59,,,7.88,139,,,,,
2020-04-30 10:25:58,8.99,7.99,5.99,3.99,0,1.99,5.49,,,207249,61.54,0,699,,,,,,,3.32,,,59.99,0.59,,,7.88,139,,,,,
2020-04-30 10:26:34,8.99,7.99,5.99,3.99,0,1.99,5.49,,,207249,61.54,13.98,699,,,,,,,3.32,,,59.99,0.59,,,7.88,139,,,,,
2020-04-30 10:28:29,8.99,7.99,5.99,3.99,0,1.99,5.49,,,207249,61.54,13.98,699,,,,,,,3.32,,,59.99,0.59,,,7.88,139,,,,,
2020-04-30 10:30:39,8.99,7.99,5.99,3.99,0,1.99,5.49,,,207249,61.54,13.98,699,,,,,,,3.32,,,59.99,0.59,,,7.88,139,,,,,
2020-04-30 10:37:48,8.99,7.99,5.99,3.99,0,1.99,5.49,,,207249,61.54,13.98,699,,,,,,,3.32,,,59.99,0.59,,,7.88,139,,,,,
2020-04-30 10:38:09,8.99,7.99,5.99,3.99,0,1.99,5.49,,,207249,61.54,13.98,699,,,,,,,3.32,,,59.99,0.59,,,7.88,139,,,,,
2020-04-30 10:42:26,8.99,7.99,5.99,3.99,0,1.99,5.49,,,207249,61.54,13.98,699,,,,,,,3.32,,,59.99,0.59,,,7.88,139,,,,,
2020-04-30 10:43:54,8.99,7.99,5.99,3.99,0,1.99,5.49,,,207249,61.54,13.98,699,,,,,,,3.32,,,59.99,0.59,,,7.88,139,,,,,
2020-04-30 11:16:02,8.99,7.99,5.99,3.99,0,1.99,5.49,,,207249,61.54,13.98,699,,,,,,,3.32,,,59.99,0.59,,,7.88,139,,,,,
2020-04-30 17:02:46,8.99,7.99,5.99,3.99,0,1.99,5.49,,,207249,61.54,13.98,699,,,,,,,3.32,,,59.99,0.59,,,7.88,139,,,,,
2020-04-30 17:22:52,8.99,7.99,5.99,3.99,0,1.99,5.49,,,207249,61.54,13.98,699,,,,,,,3.32,,,59.99,0.59,,,7.88,139,,,,,
2020-04-30 17:50:04,8.99,7.99,5.99,3.99,0,1.99,5.49,,,207249,61.54,13.98,699,,,,,,,3.32,,,59.99,0.59,,,7.88,139,,,,,
2020-04-30 17:51:08,8.99,7.99,5.99,3.99,0,1.99,5.49,,,207249,61.54,13.98,699,,,,,,,3.32,,,59.99,0.59,,,7.88,139,,,,,
2020-04-30 17:52:01,8.99,7.99,5.99,3.99,0,1.99,5.49,,,207249,61.54,13.98,699,,,,,,,3.32,,,59.99,0.59,,,7.88,139,,,,,
2020-04-30 18:39:42,8.99,7.99,5.99,3.99,0,1.99,5.49,,,207249,61.54,13.98,699,,,,,10270,,3.32,,,59.99,0.59,,,7.88,139,,,,,
2020-04-30 18:41:34,8.99,7.99,5.99,3.99,0,1.99,5.49,,,207249,61.54,13.98,699,,,,,10270,9005,3.32,,,59.99,0.59,,,7.88,139,,,,,
2020-04-30 18:57:50,8.99,7.99,5.99,3.99,0,1.99,5.49,,,207249,61.54,13.98,699,,,4499,,10270,9005,3.32,,,59.99,0.59,,,7.88,139,,,,,
2020-05-01 11:01:47,8.99,7.99,5.99,3.99,0,1.99,5.49,,,207249,61.54,13.98,699,,,4499,,10279,9001,3.32,,,59.99,0.59,,,7.86,139,,,,,
2020-05-01 15:02:12,8.99,7.99,5.99,3.99,0,1.99,5.49,16.89,0.7,207249,61.54,13.98,699,,,4499,,10271,8994,3.32,,,59.99,0.59,,,7.86,139,,,,,649
2020-05-03 23:42:31,8.99,7.99,5.99,3.99,0,1.99,5.49,16.89,0.7,207249,61.54,13.98,699,,,4499,,10276,9011,3.32,,,59.99,0.59,206.4,206.4,7.86,139,2820,,,,649
2020-05-03 23:47:02,8.99,7.99,5.99,3.99,0,1.99,5.49,16.89,0.7,207249,61.54,13.98,699,,,4499,,10276,9011,3.32,,,59.99,0.59,206.4,200,7.86,139,2820,,,,649
2020-05-04 00:11:06,8.99,7.99,5.99,3.99,0,1.99,5.49,16.89,0.7,207249,61.54,13.98,699,,,4499,,10276,9011,3.32,78,,59.99,0.59,206.4,200,7.86,139,2820,,,,649
2020-05-04 19:56:45,8.99,7.99,5.99,3.99,0,1.99,5.49,16.89,0.7,207249,61.54,13.98,699,,,4499,,10239,9007,3.29,77,69,59.99,0.59,217.727272727273,240,7.86,139,2820,,,,649
2020-05-04 20:00:24,8.99,7.99,5.99,3.99,4.09,1.99,5.49,16.89,0.7,207249,61.54,13.98,699,,,4499,,10239,9007,3.29,77,69,59.99,0.59,217.727272727273,240,7.86,139,2820,,,,649
2020-05-05 21:53:19,8.99,7.99,5.99,4.49,4.09,1.99,5.49,16.89,0.7,207249,61.54,13.98,699,,,4499,,10241,9005,3.29,77,69,59.99,0.59,196.458333333333,192.5,7.85,139,2820,7132.09591194969,4.30115284979006,4.18216040788855,649
2020-05-06 20:00:47,8.99,7.99,5.99,4.49,4.09,1.99,5.49,16.89,0.7,207249,61.54,13.98,699,66648.4523809524,62600,4499,,10227,8893,3.29,77,69,59.99,0.59,201.041666666667,200,7.21,139,2820,7091.30062305296,4.32297428310707,4.21234980726847,649
2020-05-07 09:27:56,8.99,7.99,4.99,4.49,4.09,1.99,5.49,9.99,0.7,207249,61.54,13.98,699,66979.7926829268,62850,4499,,10221,8889,3.29,77,69,59.99,0.59,197.826086956522,200,7.21,139,2820,7242.37678855326,4.3228223170101,4.20751069552303,649
2020-05-07 20:32:56,8.99,7.99,4.99,4.49,4.09,1.99,5.49,9.99,0.7,207249,61.54,13.98,699,66979.7926829268,62850,4499,,10221,8889,3.29,77,69,59.99,0.59,197.826086956522,200,7.21,139,2820,7242.37678855326,4.3228223170101,4.20751069552303,649
2020-05-07 21:16:28,8.99,7.99,4.99,4.49,4.09,1.99,5.49,9.99,0.7,207249,61.54,13.98,699,66979.7926829268,62850,4499,11.3,10221,8892,3.29,77,69,59.99,0.59,197.826086956522,200,7.21,139,2820,7232.54761904762,4.32355201730747,4.20888867540927,649
2020-05-07 21:20:42,8.99,7.99,4.99,4.49,4.09,1.99,5.49,9.99,0.7,207249,61.54,13.98,699,66796.0120481928,62700,4499,11.3,10207,8897,3.29,77,69,59.99,0.59,188.913043478261,180,7.58,139,2820,7236.99682539682,4.33000397926981,4.20594936965759,649
2020-05-10 17:59:44,8.99,7.99,4.99,4.49,4.09,1.99,5.49,9.99,0.7,207249,61.54,13.98,0,66354.725,62200,4499,11.3,10212,8890,3.41,77,69,59.99,0.59,196.136363636364,200,7.1,139,2820,7151.42072213501,4.32961780564001,4.20990203136364,649
2020-05-11 16:00:22,8.99,7.99,4.99,4.49,4.09,1.99,5.49,9.99,0.7,207249,61.54,13.98,699,66978.475,62200,4499,11.3,10201,8890,3.41,78,69,59.99,0.59,196.136363636364,200,7.1,139,2820,7178.84881889764,4.33205453259944,4.20512023408471,649
2020-05-12 09:49:00,8.99,7.99,4.99,4.99,4.09,1.99,5.49,9.99,0.7,207249,61.54,13.98,699,67317.8961038961,62500,4499,11.3,10191,8891,3.39,82,69,59.99,0.59,195.208333333333,200,7.1,139,2820,7168.80974842767,4.33617157660879,4.21415228709781,649
2020-05-13 09:06:01,8.99,7.99,4.99,4.99,4.09,1.99,5.49,9.99,0.7,207249,61.54,13.98,699,67581.7692307692,62899.5,4499,11.3,10187,8883,3.58,0,69,59.99,0.59,0,0,7.08,139,2820,7157.57299843014,4.33497818902339,4.20364864104855,649
2020-05-14 09:23:53,8.99,7.99,5.99,4.99,4.09,1.99,5.49,16.89,0.7,207249,61.54,13.98,699,66938.8,62500,4499,11.3,10173,8899,3.6,0,69,59.99,0.59,0,0,7.08,139,2820,7248.39682539683,4.3414261280935,4.224749974558,649
2020-05-14 19:16:51,8.99,7.99,5.99,4.99,4.09,1.99,5.49,16.89,0.7,207249,61.54,13.98,699,66820.8108108108,62200,4499,11.3,10174,8907,3.7,0,69,59.99,0.59,0,0,7.21,139,2820,7329.36918138042,4.34650300558282,4.23510103609883,649
2020-05-15 12:21:32,8.99,7.99,5.99,4.99,4.09,1.99,5.49,16.89,0.7,207249,61.54,13.98,699,66461.8666666667,61900,4499,11.3,10168,8906,3.7,0,69,59.99,0.59,0,0,7.21,139,2820,7314.58266452649,4.3331269932735,4.21374979657055,649
2020-05-18 09:26:42,8.99,7.99,5.99,4.99,4.09,1.99,5.49,16.89,0.7,207249,61.54,13.98,699,66812.0909090909,62000,4499,11.3,10139,8924,3.68,0,69,59.99,0.59,0,0,7.12,139,2820,7423.61138211382,4.34126018154191,4.21794932201777,649
2020-05-19 09:20:00,8.99,7.99,5.99,4.99,4.09,1.99,5.49,16.89,0.7,207249,61.54,13.98,699,66466.2151898734,62000,4499,11.3,10161,8916,3.68,0,69,59.99,0.59,0,0,7.12,139,2820,7210.95886075949,4.28469513335947,4.16586012413503,649
2020-05-20 10:31:48,8.99,7.99,5.99,4.99,4.09,1.99,5.49,16.89,0.7,207249,61.54,13.98,699,65804.2987012987,59900,4499,11.3,10166,8918,3.68,0,69,59.99,0.59,0,0,7.1,139,2820,7285.0576,4.2950904880269,4.16097268093148,649
2020-05-21 09:35:18,8.99,7.99,5.99,4.99,4.09,1.99,5.49,16.89,0.7,207249,61.54,13.98,699,65165.375,59900,4499,11.3,10166,8926,3.68,0,69,59.99,0.59,0,0,7.1,139,2820,7185.17274167987,4.28155750554336,4.13574919019901,649
2020-05-22 09:40:28,8.99,7.99,5.99,4.99,4.09,1.99,5.49,16.89,0.7,207249,61.54,13.98,699,65065.375,59450,4499,11.3,10151,8923,3.68,0,69,59.99,0.59,0,0,7.58,139,2820,7194.39586645469,4.26781480412628,4.14519767956317,649
2020-05-25 09:54:03,8.99,7.99,5.99,4.99,4.09,1.99,5.49,16.89,0.7,207259,61.54,13.98,699,64367.4810126582,58600,4499,11.3,10148,8922,3.89,0,69,59.99,0.59,0,0,7.25,139,2820,7174.97615262321,4.26467266969874,4.14839912345207,635
2020-05-27 13:13:42,9.99,7.99,5.99,4.99,4.09,1.99,5.49,16.89,0.85,207259,61.54,13.98,699,64032.0506329114,58600,4499,11.3,10157,8933,3.98,0,69,59.99,0.59,0,0,7.25,138.97,2820,6855.23529411765,4.14274448465958,4.01867008113599,635
2020-05-29 08:25:44,9.99,5.99,5.99,4.99,4.09,1.99,5.49,16.89,0.85,207259,61.54,14.98,699,63494.4810126582,57999,4499,11.3,10154,8935,3.98,0,69,59.99,0.59,0,0,7.25,138.97,2820,6900.18111455108,4.16961352530476,4.01541933159175,635
2020-06-01 09:15:51,9.99,5.99,5.99,4.99,4.09,1.99,5.49,16.89,0.85,207259,61.54,14.98,699,62921.0649350649,57900,4499,11.9,10188,8984,3.98,0,69,59.99,0.59,0,0,7.25,138.97,2820,6924.24882629108,4.136148290516,3.97195141656792,635
2020-06-05 13:25:49,9.99,7.99,5.99,4.99,4.09,1.99,5.49,16.89,0.85,201789,61.54,14.98,699,62283.92,58499.96,4499,11.9,10196,8998,3.98,0,69,59.99,0.59,0,0,7.25,138.97,2820,6713.36897590362,4.10763275212907,3.93574940050079,0
2020-06-05 14:07:46,9.99,7.99,5.99,4.99,4.09,1.99,5.49,16.89,0.85,201789,61.54,14.98,699,62317.0389333333,57999.92,4499,11.9,10189,8998,3.98,0,69,59.99,0.59,0,0,7.25,138.97,2820,6690.17293233083,4.09813965656048,3.92509788560045,649
2020-06-05 14:56:57,9.99,7.99,5.99,4.99,4.09,1.99,5.49,16.89,0.85,201789,61.54,14.98,699,62573.3936842105,59400,4499,11.9,10188,8998,3.98,0,69,59.99,0.59,194.36,189,7.25,138.97,2820,6662.68468468468,4.08630197033266,3.91576082640165,649
2020-06-05 15:52:05,9.99,7.99,5.99,4.99,4.09,1.99,5.49,16.89,0.85,201789,61.54,14.98,699,62573.3936842105,59400,4499,11.9,10189,8998,3.98,0,69,59.99,0.59,194.36,189,7.25,138.97,2820,6589.38392857143,4.06208065696846,3.91429864557385,628
2020-06-08 16:55:38,9.99,7.99,5.99,4.99,4.09,1.99,5.49,16.89,0.85,201789,61.54,14.98,699,62428.9707042253,59800,4499,11.9,10173,8999,3.93,0,69,59.99,0.59,184.739130434783,180,7.25,138.97,2820,6649.26236881559,4.1045361240729,3.92580285380448,619
2020-06-09 10:43:38,9.99,7.99,5.99,4.99,4.09,1.99,5.49,16.89,0.85,201789,61.54,14.98,699,63235.0988571429,58899.96,4499,11.9,10161,9018,4.03,0,69,59.99,0.59,189.222222222222,180,7.25,138.97,2820,6707.65709969789,4.12351501813134,3.94105111997458,619
2020-06-09 21:09:40,9.99,7.99,5.99,4.99,4.09,1.99,5.49,16.89,0.85,201789,61.54,14.98,699,63077.9428571429,58850,4499,11.9,10164,9000,4.03,0,69,59.99,0.59,187.347826086957,170,7.25,138.97,2820,6716.75679758308,4.1253853783086,3.92054070306211,619
2020-06-09 21:34:06,9.99,7.99,5.99,4.99,4.09,1.99,0,16.89,0.85,201789,61.54,14.98,699,63077.9428571429,58850,4499,11.9,10165,9000,4.03,0,69,59.99,0.59,187.347826086957,170,7.25,138.97,2820,6716.75679758308,4.1253853783086,3.92054070306211,619
2020-06-10 11:03:36,9.99,7.99,5.99,4.99,4.09,1.99,5.49,16.89,0.85,201789,61.54,14.98,699,63254.4347826087,59800,4499,11.9,10171,8999,4.03,0,69,59.99,0.59,191.739130434783,200,7.16,138.97,2820,6732.13464447806,4.13678243303669,3.91467909762371,619
2020-06-10 11:20:40,9.99,7.99,5.99,4.99,4.09,1.99,5.49,16.89,0.85,201789,61.54,14.98,699,63254.4347826087,59800,4499,11.9,10175,8999,4.03,0,69,59.99,0.59,191.739130434783,200,7.16,138.97,2820,6732.13464447806,4.13678243303669,3.91467909762371,619
2020-06-17 18:19:28,9.99,7.99,5.99,4.99,4.09,1.99,5.49,16.89,0.85,201789,61.54,14.98,699,65297.4046376812,59800,4499,11.9,10156,8993,4.03,0,69,59.99,0.59,190.869565217391,180,7.14,138.97,2820,6866.54615384615,4.18311199002784,3.97975106353952,-1
2020-06-22 20:37:37,9.99,7.99,5.99,1,2.99,1.99,5.49,16.89,0.85,201789,61.54,14.98,699,63978.3958823529,57450,4499,11.9,10140,9024,4.09,0,69,59.99,0.59,188.217391304348,180,7.15,138.97,2820,6930.30265210609,4.16396306884754,3.94575121019674,-1
2020-06-23 09:15:23,9.99,7.99,5.99,1,2.99,1.99,5.49,16.89,0.85,201789,61.54,14.98,699,63775.7814492754,57000,4499,11.9,10141,9023,4.09,0,69,59.99,0.59,182.875,175,7.15,138.97,2820,6893.35714285714,4.16098536684125,3.93980933380429,-1
2020-06-23 09:22:29,9.99,7.99,5.99,-1,2.99,1.99,5.49,16.89,0.85,201789,61.54,14.98,699,63775.7814492754,57000,4499,11.9,10141,9023,4.09,0,69,59.99,0.59,182.875,175,7.15,138.97,2820,6893.35714285714,4.16098536684125,3.93980933380429,-1
2020-06-29 13:32:11,10.99,7.99,5.99,-1,3.99,1.99,5.49,16.89,0.85,201789,61.54,14.98,699,61356.3044444445,56850,4499,11.9,10123,8968,4.18,0,69,59.99,0.59,193.285714285714,200,7.15,138.97,2820,7021.60534591195,4.18993437953287,3.95954837605655,-1
2020-07-01 20:29:04,10.99,7.99,5.99,-1,3.99,1.99,5.49,16.89,0.85,201789,61.54,14.98,699,60907.7594029851,56800,4499,11.9,10106,8862,4.18,0,69,59.99,0.59,201.904761904762,200,7.15,138.97,2820,7039.27515723271,4.2047942580856,3.97645116278657,-1
2020-07-06 18:55:11,10.99,7.99,5.99,-1,3.99,1.99,5.49,9.99,0.65,201789,61.54,14.98,699,60486.8250666667,55900,4499,11.9,10119,8908,4.18,0,69,59.99,0.59,196.7,200,7.15,139,2820,7028.56062992126,4.1923007919384,3.94655206716804,-1
2020-07-08 13:44:36,10.99,7.99,5.99,-1,3.99,1.99,5.49,9.99,0.65,201789,61.54,14.98,699,60762.6927777778,55900,4499,11.9,10118,8873,4.18,0,69,59.99,0.59,197.142857142857,200,7.15,139,2820,7151.25399361022,4.21427475389897,3.96811896862421,-1
2020-07-17 12:22:47,10.99,7.99,5.99,-1,3.99,1.99,5.49,9.99,0.85,201789,61.54,14.98,559,61789.5336986301,58800,4499,11.9,10035,8853,4.08,0,69,59.99,0.59,184.304347826087,180,7.15,139,2820,7084.39336492891,4.16999115680354,3.92904980943619,-1
2020-07-17 12:28:44,10.99,7.99,5.99,5.99,3.99,1.99,5.49,9.99,0.85,201789,61.54,14.98,559,61789.5336986301,58800,4499,11.9,10035,8853,4.08,0,69,59.99,0.59,184.304347826087,180,7.15,139,2820,7084.39336492891,4.16999115680354,3.92904980943619,-1
2020-07-17 12:32:34,10.99,7.99,5.99,5.99,3.99,1.99,5.49,9.99,0.85,201789,61.54,14.98,559,61789.5336986301,58800,4499,11.9,10035,8853,4.08,0,69,59.99,0.59,184.304347826087,180,7.15,139,2820,7084.39336492891,4.16999115680354,3.92904980943619,-1
2020-07-17 12:46:09,10.99,7.99,5.99,5.99,3.99,1.99,5.49,9.99,0.85,201789,61.54,14.98,559,61789.5336986301,58800,4499,11.9,10038,8853,4.08,0,69,59.99,0.59,184.304347826087,180,7.15,139,2820,7084.39336492891,4.16999115680354,3.92904980943619,679
2020-07-20 08:58:30,10.99,7.99,5.99,5.99,3.99,1.99,5.49,9.99,0.85,201789,61.54,14.98,559,61907.2871232877,57000,4499,11.9,10076,8852,4.08,0,69,59.99,0.59,175.391304347826,180,7.15,139,2820,7075.49131121643,4.15956052733006,3.90745033444801,679
2020-07-22 09:48:29,10.99,7.99,5.99,5.99,3.99,1.99,5.49,9.99,0.85,201789,61.54,14.98,559,62237.1728,57900,4499,11.9,10028,8926,4.08,0,69,59.99,0.59,185.863636363636,184.5,7.26,139,2820,7132.60064412238,4.11754780966121,3.83805102156645,679
2020-07-24 09:59:42,10.99,7.99,5.99,5.99,3.99,1.99,5.49,9.99,0.85,201789,61.54,14.98,559,60821.0827777778,57400,4499,11.9,10070,8898,4.32,0,69,59.99,0.59,187.047619047619,185,7.15,139,2820,7211.11928104575,4.10812342973741,3.80040818259713,679
2020-08-03 15:43:53,10.99,7.99,5.99,5.99,3.99,1.99,5.49,9.99,0.85,201789,61.54,14.98,559,60571.6323529412,57400,4499,11.9,10093,8930,4.4,0,69,59.99,0.59,183.894736842105,189,7.15,139,2820,7427.71764705882,4.09235715383661,3.77556874973303,649
2020-08-05 10:21:27,10.99,7.99,5.99,5.99,3.99,1.99,5.49,9.99,0.85,201789,61.54,14.98,559,62063,58900,4499,11.9,10122,8932,4.4,0,69,59.99,0.59,180.791666666667,175,7.15,139,2820,7563.82444061962,4.07912302115869,3.71484990832451,679
2020-08-27 18:23:25,10.99,7.99,5.99,4.99,3.99,1.79,5.49,9.99,0.7,201789,61.54,14.98,419,62491.5625,58650,4499,11.9,10029,8924,4.25,0,69,49.99,0.59,207.380952380952,200,7.26,139,2820,7199.23327895595,4.11285459861008,3.73406111394093,639
2020-08-28 18:49:06,10.99,7.99,5.99,4.99,3.99,1.79,5.49,9.99,0.7,201789,61.54,14.98,419,61474.064516129,58850,4499,11.9,10031,8926,4.25,0,69,49.99,0.59,194.954545454545,200,7.26,139,2820,7259.60761589404,4.07457693583624,3.68786012920286,639
2020-09-02 11:33:46,10.99,7.99,5.99,5.99,3.99,1.79,5.49,9.99,0.8,201789,61.54,14.98,419,61409.9824561404,58800,4499,11.9,10056,8914,4.25,0,69,49.99,0.59,211.190476190476,200,7.26,139,2820,7315.10447761194,4.07541396189389,3.71779532018832,639
2020-09-03 11:01:08,10.99,7.99,5.99,5.99,3.99,1.79,5.49,16.89,0.8,201789,61.54,14.98,419,59866.0740740741,58462.5,4499,11.9,10048,8910,4.25,0,69,49.99,0.59,204.772727272727,200,7.26,139,2820,7245.74918032787,4.09956684660619,3.73944093335702,679
2020-09-04 15:23:03,10.99,7.99,5.99,-1,3.99,1.79,5.49,16.89,0.8,201789,61.54,14.98,419,59635.36,58462.5,4499,11.9,10062,8926,4.25,0,69,49.99,0.59,195.909090909091,200,7.26,139,2820,7260.63784665579,4.12663228711193,3.76582089981606,679
2020-09-07 12:03:00,10.99,7.99,5.99,-1,3.99,1.79,5.49,16.89,0.8,201789,61.54,14.98,419,60571.42,59150,4499,11.9,10070,8918,4.25,0,69,49.99,0.59,196.666666666667,200,7.26,139,2820,7259.48045602606,4.12164210226521,3.76784016108322,679
2020-09-08 13:38:22,10.99,7.99,5.99,-1,3.99,1.79,5.49,16.89,0.8,201789,61.54,14.98,419,59873.4,58462.5,4499,11.9,10069,8949,4.25,0,69,49.99,0.59,192.391304347826,185,7.26,139,2820,7214.48538961039,4.1064154960226,3.76574957441598,679
2020-09-09 17:18:15,10.99,7.99,5.99,-1,3.99,1.79,5.49,16.89,0.8,201789,61.54,14.98,419,61137.42,60400,4499,11.9,10059,8947,4.25,0,69,49.99,0.59,192.045454545455,192.5,7.3,139,2820,7321.03953871499,4.11390687155332,3.75846906446587,679
2020-09-09 17:22:40,10.99,7.99,5.99,5.99,3.99,1.79,5.49,16.89,0.8,201789,61.54,14.98,419,61137.42,60400,4499,11.9,10059,8947,4.25,0,69,49.99,0.59,192.045454545455,192.5,7.3,139,2820,7321.03953871499,4.11390687155332,3.75846906446587,679
2020-09-10 19:25:23,10.99,7.99,5.99,5.99,3.99,1.79,5.49,9.99,0.8,201789,61.54,14.98,419,61838.6666666667,61000,4499,11.9,10044,8962,4.25,0,-1,49.99,0.59,208.260869565217,200,7.3,139,2820,7344.07755775578,4.13209966408494,3.75207056792238,679
2020-09-15 12:29:23,10.99,7.99,5.99,5.99,3.99,1.79,5.49,9.99,0.8,201789,61.54,14.98,489,63458.4807692308,59850,4499,11.9,10032,8968,4.24,0,69,49.99,0.59,191.521739130435,195,7.3,139,2820,7352.90562913907,4.12114404385093,3.73792119582371,678
2020-09-16 13:06:39,10.99,7.99,5.99,5.99,3.99,1.79,5.49,9.99,0.8,201789,61.54,14.98,489,62975.7884615385,59400,4499,12.5,10017,8996,4.24,0,69,49.99,0.59,197.173913043478,200,7.3,139,2820,7360.00165562914,4.13237246225924,3.74334958237794,678
2020-09-21 15:22:32,10.99,7.99,5.99,5.99,2.99,1.79,3.99,16.89,0.8,201789,61.54,14.98,699,64346.847826087,59850,4499,12.5,10062,9059,4.19,0,69,49.99,0.59,186.818181818182,182.5,7.3,139,2820,7335.51712887439,4.17799928271054,3.82035137562222,678
2020-09-23 12:48:44,10.99,7.99,5.99,5.99,2.99,1.79,3.99,16.89,0.8,201789,61.54,14.98,699,64445.2978723404,59800,542,12.5,10092,9049,4.19,0,69,49.99,0.59,191.25,190,7.3,139,2820,7260.60096930533,4.17233305792029,3.83793985083115,678
2020-09-25 11:20:49,10.99,7.99,5.99,5.99,3.99,1.79,5.49,9.99,0.8,201789,61.54,14.98,699,66331.6458333333,59900,518,12.5,10102,8966,4.19,0,69,49.99,0.59,183.913043478261,170,7.3,139,2820,7305.37399678973,4.21578922017244,3.90299221673762,689
2020-09-25 23:44:21,10.99,7.99,5.99,5.99,3.99,1.79,5.49,9.99,0.8,201789,61.54,14.98,699,66296.6470588235,59900,518,12.5,10119,8976,4.19,-1,69,49.99,0.59,180.833333333333,170,7.3,139,2820,7280.9552,4.21098135381483,3.91230451790397,689
2020-09-25 23:57:07,10.99,7.99,5.99,5.99,3.99,1.79,5.49,9.99,0.8,201789,61.54,14.98,699,66296.6470588235,59900,518,12.5,10119,8976,4.19,-1,69,49.99,0.59,180.833333333333,170,7.3,139,2820,7280.9552,4.21098135381483,3.91230451790397,689
2020-09-26 00:00:24,10.99,7.99,5.99,5.99,3.99,1.79,5.49,9.99,0.8,201789,61.54,14.98,699,66296.6470588235,59900,518,12.5,10119,8976,4.19,-1,69,49.99,0.59,180.833333333333,170,7.3,139,2820,7280.9552,4.21098135381483,3.91230451790397,689
2020-09-26 00:08:38,10.99,7.99,5.99,5.99,3.99,1.79,5.49,9.99,0.8,201789,61.54,14.98,699,66296.6470588235,59900,518,12.5,10119,8976,4.19,-1,69,49.99,0.59,180.833333333333,170,7.3,139,2820,7280.9552,4.21098135381483,3.91230451790397,689
2020-09-29 14:22:39,10.99,7.99,5.99,5.99,3.99,1.79,4.39,9.99,0.8,206799,61.54,14.98,699,67076.9433962264,60000,518,12.5,10154,8974,4.19,-1,69,49.99,0.59,195.454545454545,197.5,7.3,138.99,2820,7339.3,4.21566340403652,3.88737099024306,689
2020-10-01 12:37:50,10.99,7.99,5.99,3.99,3.99,1.79,4.39,16.89,0.5,206799,61.54,14.98,699,64859.3333333333,59900,518,12.5,10146,8973,4.21,-1,69,49.99,0.59,185.8,185,7.3,138.99,2820,7271.30371567044,4.17969795432448,3.83175866648505,689
2020-10-01 14:37:52,10.99,7.99,5.99,3.99,3.99,1.79,4.39,16.89,0.5,206799.0,61.54,14.98,699.0,65217.056603773584,59900.0,518.0,12.5,10142.0,8976.0,4.21,-1.0,69.0,49.99,0.59,191.0,200.0,7.3,138.99,2820.0,7251.138933764136,4.159277315425296,3.814851424559781,689.0
2020-10-01 19:00:23,10.99,7.99,5.99,3.99,3.99,1.79,4.39,16.89,0.5,206799.0,61.54,14.98,699.0,65184.692307692305,59900.0,518.0,12.5,10144.0,8981.0,4.21,-1.0,69.0,49.99,0.59,190.625,192.5,7.3,138.99,2820.0,7276.105519480519,4.15418687571309,3.8164696165292216,689.0
2020-10-02 15:29:01,10.99,7.99,5.99,3.99,3.99,1.79,4.39,16.89,0.5,206799.0,61.54,14.98,699.0,65092.96428571428,59950.0,518.0,12.5,10132.0,8998.0,4.21,-1.0,69.0,49.99,0.59,188.54166666666666,177.5,7.3,138.99,2820.0,7332.599348534202,4.174450657708687,3.8442397659071053,689.0
2020-10-08 16:42:14,10.99,7.99,5.99,3.99,-1.0,1.79,4.39,9.99,0.8,206799.0,61.54,14.98,699.0,64690.083333333336,59950.0,453.0,12.5,10124.0,9057.0,4.21,-1.0,69.0,49.99,0.59,191.25,200.0,7.2,138.99,2820.0,7204.356340288925,4.161495140626071,3.824558114645209,679.0
2020-10-09 14:47:03,10.99,7.99,5.99,3.99,3.99,1.79,4.39,9.99,0.8,206799.0,61.54,14.98,699.0,65126.854838709674,60500.0,453.0,12.5,10108.0,9052.0,4.21,-1.0,69.0,49.99,0.59,195.95238095238096,200.0,7.2,138.99,2820.0,7260.668292682926,4.146106413343126,3.784149036782926,685.0
2020-10-12 11:39:48,10.99,7.99,5.99,3.99,3.99,1.79,4.39,9.99,0.8,206799.0,61.54,14.98,699.0,65693.0701754386,62900.0,453.0,12.5,9318.0,8774.0,4.21,-1.0,69.0,49.99,0.59,200.25,200.0,7.2,138.99,2820.0,7293.5667752443005,4.161253993298506,3.7921608775508653,685.0
2020-10-13 15:01:20,10.99,7.99,5.99,3.99,3.99,1.79,4.39,9.99,0.8,206799.0,61.54,14.98,699.0,65517.5,63700.0,453.0,12.5,10096.0,9053.0,4.26,-1.0,69.0,49.99,0.59,193.6,195.0,7.2,138.99,2820.0,7283.806818181817,4.179977063728736,3.804760757963004,685.0
2020-10-15 17:09:57,10.99,7.99,5.99,3.99,3.99,1.79,4.39,16.89,0.8,203159.0,61.54,14.98,699.0,64906.916666666664,63700.0,453.0,12.5,10104.0,9047.0,4.26,-1.0,69.0,49.99,0.59,195.6,200.0,7.2,138.99,2820.0,7370.376012965964,4.250250948182238,3.8848783071495077,685.0
2020-10-20 14:22:40,-1.0,-1.0,-1.0,-1.0,-1.0,-1.0,-1.0,-1.0,-1.0,203159.0,61.54,14.98,699.0,64414.333333333336,63500.0,453.0,12.5,10119.0,9012.0,4.26,-1.0,69.0,49.99,0.59,202.89473684210526,200.0,7.2,138.99,2820.0,7382.756451612902,4.270331919625781,3.876178144810404,677.0
2021-05-27 19:49:05,9.99,9.09,5.99,3.391,3.89,1.85,7.39,18.991,1.7221,212879.0,64.97,14.98,-1.0,64253.2962962963,60950.0,-1.0,13.9,10677.0,10121.0,5.17,-1.0,-1.0,49.99,0.6,-1,-1,7.99,139.0,3030.0,6977.1692546583845,4.107511321648161,3.6853805131469084,645.0
2021-06-02 11:09:16,9.99,-1.0,-1.0,3.391,3.89,1.85,7.39,18.991,1.7221,212879.0,69.98,11.46,-1.0,84356.63375,85999.0,-1.0,-1.0,10689.0,10185.0,5.17,-1.0,-1.0,49.99,0.6,-1,-1,7.99,139.0,3030.0,6953.560747663551,4.069404892562706,3.6650298961700227,645.0
2021-06-02 11:17:32,9.99,-1.0,-1.0,3.391,3.89,1.85,7.39,18.991,1.7221,212879.0,69.98,11.46,-1.0,84356.63375,85999.0,-1.0,-1.0,10691.0,10186.0,5.17,-1.0,-1.0,49.99,0.6,-1,-1,7.99,139.0,3030.0,6953.560747663551,4.069404892562706,3.6650298961700227,645.0
2021-06-21 08:25:09,9.99,9.09,5.99,-1.0,3.89,1.85,7.39,19.991,1.7221,212879.0,69.98,11.46,-1.0,82516.22448979592,85500.0,-1.0,13.9,10786.0,10266.0,5.21,-1.0,-1.0,49.99,0.6,-1,-1,7.99,139.0,3030.0,6795.179104477611,4.158479598398269,3.8360500759160048,629.0
2021-10-26 19:08:49,11.19,8.99,7.29,1.991,-1.0,2.99,5.99,19.991,-1.0,217999.0,-1.0,-1.0,-1.0,82310.04905660378,89900.0,-1.0,-1.0,11232.0,10740.0,5.92,-1.0,-1.0,49.99,0.6,-1,-1,6.99,139.0,3030.0,7116.778979907263,4.317704953696237,3.972355605400509,629.0
2021-10-26 19:43:10,11.19,8.99,7.29,1.991,-1.0,2.99,5.99,19.991,-1.0,217999.0,-1.0,-1.0,-1.0,86600.70294117647,90300.0,-1.0,-1.0,11232.0,10740.0,5.92,-1.0,-1.0,49.99,0.6,-1.0,-1.0,6.99,139.0,-1.0,7119.38485316847,4.319650469922521,3.972778496029586,629.0
2021-10-26 19:45:25,11.19,8.99,7.29,1.991,-1.0,2.99,5.99,19.991,-1.0,217999.0,-1.0,-1.0,-1.0,87196.662,92925.0,-1.0,-1.0,11232.0,10740.0,5.92,-1.0,-1.0,49.99,0.6,-1.0,-1.0,6.99,139.0,-1.0,7119.38485316847,4.319650469922521,3.972778496029586,629.0
2021-10-27 10:01:48,11.19,8.99,7.29,1.991,4.79,2.99,5.99,19.991,-1.0,217999.0,-1.0,-1.0,-1.0,83597.09622641509,89900.0,-1.0,-1.0,11234.0,10740.0,5.92,-1.0,-1.0,49.99,0.6,-1.0,-1.0,6.99,139.0,-1.0,7093.555384615385,4.32511549591719,3.972658955951737,517.0
2021-10-27 10:19:11,11.19,8.99,7.29,1.99,4.79,2.99,5.99,19.99,1.12,217999.0,-1.0,-1.0,-1.0,86842.41862745098,91300.0,-1.0,-1.0,11234.0,10740.0,5.92,-1.0,-1.0,49.99,0.6,-1.0,-1.0,6.99,139.0,-1.0,7103.186440677967,4.328096394229416,3.973168429898085,517.0
2021-10-27 11:25:37,11.19,8.99,7.29,1.99,4.79,2.99,5.99,19.99,1.12,217999.0,-1.0,-1.0,-1.0,82276.0712962963,89900.0,-1.0,-1.0,11236.0,10740.0,5.92,-1.0,-1.0,49.99,0.6,-1.0,-1.0,6.99,139.0,-1.0,7122.635802469135,4.33858391324088,3.980910815939279,517.0
2021-10-27 15:58:27,11.19,8.99,7.29,1.99,4.79,2.99,5.99,19.99,1.12,217999.0,-1.0,-1.0,-1.0,81841.01574074074,89900.0,-1.0,-1.0,11212.0,10756.0,5.92,-1.0,-1.0,49.99,0.6,-1.0,-1.0,6.99,139.0,-1.0,7148.896445131375,4.343735942578573,3.981050714471381,517.0
2021-10-28 17:24:11,11.19,8.99,7.29,1.99,4.79,2.99,5.99,19.99,1.12,217999.0,-1.0,-1.0,-1.0,82565.29433962265,89500.0,-1.0,-1.0,11223.0,10755.0,5.92,-1.0,-1.0,49.99,0.6,-1.0,-1.0,6.99,139.0,-1.0,7111.970724191063,4.328762922274564,3.953897300946056,636.0
2021-10-28 17:32:58,11.19,8.99,7.29,1.99,4.79,2.99,5.99,19.99,1.12,217999.0,-1.0,-1.0,-1.0,109146.66862745098,112990.0,-1.0,-1.0,11222.0,10755.0,5.92,-1.0,-1.0,49.99,0.6,-1.0,-1.0,6.99,139.0,-1.0,7129.183641975308,4.3316883764716465,3.9546801259755697,636.0
2021-10-28 19:02:35,11.19,8.99,7.29,1.99,4.79,2.99,5.99,19.99,1.12,217999.0,-1.0,-1.0,-1.0,89437.35714285714,91950.0,-1.0,-1.0,11227.0,10755.0,5.92,-1.0,-1.0,49.99,0.6,-1.0,-1.0,6.99,139.0,-1.0,7135.083333333333,4.338950889086589,3.957166882775089,629.0
2021-10-28 19:55:35,11.19,8.99,7.29,1.99,4.79,2.99,5.99,19.99,1.12,217999.0,-1.0,-1.0,-1.0,89437.35714285714,91950.0,2999.0,-1.0,11227.0,10755.0,5.92,-1.0,-1.0,49.99,0.6,-1.0,-1.0,6.99,139.0,-1.0,7126.795069337442,4.341482920034429,3.959408548533313,629.0
2021-11-03 09:13:43,11.19,8.99,7.29,3.49,4.79,2.99,5.99,19.99,1.12,217999.0,-1.0,-1.0,-1.0,91671.48979591837,94199.5,3599.0,-1.0,11261.0,11055.0,5.92,-1.0,-1.0,49.99,0.6,-1.0,-1.0,7.98,139.0,-1.0,7080.921538461538,4.348995996458514,3.9751048489622196,636.0
2021-11-03 10:06:25,11.19,8.99,7.29,3.49,4.79,2.99,5.99,19.99,1.12,217999.0,-1.0,-1.0,699.0,91671.48979591837,94199.5,3599.0,-1.0,11261.0,11053.0,5.92,-1.0,-1.0,49.99,0.6,-1.0,-1.0,7.98,139.0,-1.0,7078.047692307692,4.352655738821602,3.9719718311075116,636.0
2021-11-03 11:44:56,11.19,8.99,7.29,3.49,4.79,2.99,5.99,19.99,1.12,217999.0,-1.0,-1.0,699.0,81733.078125,82000.0,3599.0,-1.0,11268.0,11056.0,5.92,-1.0,-1.0,49.99,0.6,-1.0,-1.0,7.98,139.0,-1.0,7075.672307692307,4.354886573026366,3.9676484594175836,636.0
2021-11-03 12:19:34,11.19,8.99,7.29,3.49,4.79,2.99,5.99,19.99,1.12,217999.0,77.85,-1.0,699.0,95886.01875,99694.5,3599.0,-1.0,11265.0,11058.0,5.92,-1.0,-1.0,49.99,0.6,-1.0,-1.0,7.98,139.0,-1.0,7070.952307692308,4.354191416515563,3.966058973321264,636.0
2021-11-03 12:32:08,11.19,8.99,7.29,3.49,4.79,2.99,5.99,19.99,1.12,217999.0,77.85,14.76,699.0,91860.51530612246,94199.5,3599.0,-1.0,11265.0,11060.0,5.92,-1.0,-1.0,49.99,0.6,-1.0,-1.0,7.98,139.0,-1.0,7070.952307692308,4.354191416515563,3.966058973321264,636.0
2021-11-03 16:06:22,11.19,8.99,7.29,3.49,4.79,2.99,5.99,19.99,1.12,217999.0,77.85,14.76,699.0,90398.15625,86400.0,3599.0,14.2,11262.0,11034.0,5.92,-1.0,-1.0,49.99,0.6,-1.0,-1.0,7.98,139.0,-1.0,6995.492378048781,4.344512134509153,3.966562425449378,636.0
2021-11-17 10:29:51,-1.0,8.99,7.89,3.49,4.79,-1.0,5.99,19.99,1.12,217999.0,77.85,14.76,699.0,99657.6,100479.5,3599.99,14.2,11266.0,11026.0,5.99,-1.0,-1.0,49.99,0.6,-1.0,-1.0,7.98,139.0,-1.0,7658.087171052632,4.419077673588703,4.114449697344585,629.0
2021-11-17 15:38:57,-1.0,8.99,7.89,3.49,4.79,-1.0,5.99,19.99,1.12,217999.0,77.85,14.76,699.0,81529.375,84249.5,3599.99,14.2,11279.0,11024.0,5.99,-1.0,-1.0,49.99,0.6,204.7826086956522,200.0,7.98,139.0,-1.0,7677.205930807249,4.426512355119201,4.120486316813299,629.0
2021-11-18 09:45:53,-1.0,8.99,7.89,3.49,4.79,2.69,5.99,19.99,1.12,217999.0,77.85,14.76,699.0,93010.91959798995,95000.0,3599.99,14.2,11280.0,11024.0,5.99,-1.0,-1.0,49.99,0.6,207.27272727272728,200.0,7.98,139.0,-1.0,7663.439868204284,4.422044687129255,4.104829742999644,579.0
2021-11-18 09:56:30,8.99,8.99,7.89,3.49,4.79,2.69,5.99,19.99,1.12,217999.0,77.85,14.76,699.0,97476.91875,101650.0,3599.99,14.2,11280.0,11024.0,5.99,-1.0,-1.0,49.99,0.6,207.27272727272728,200.0,7.98,139.0,-1.0,7663.439868204284,4.422044687129255,4.104829742999644,579.0
2021-11-19 15:56:56,8.99,8.99,7.89,3.49,4.79,2.69,5.99,19.99,1.12,217999.0,77.85,14.76,699.0,83778.09375,84350.0,3599.99,14.2,11258.0,11139.0,5.99,-1.0,-1.0,49.99,0.6,220.0,220.0,7.72,139.0,-1.0,7694.699507389164,4.473384914251894,4.144010555303032,579.0
2021-11-25 14:24:13,12.39,6.79,7.89,1.99,3.59,2.69,5.99,19.99,1.12,221789.0,77.85,14.76,699.0,117195.28125,116550.0,2849.0,15.6,11260.0,11112.0,5.99,-1.0,85.0,49.99,0.6,220.0,250.0,7.49,139.0,-1.0,7464.265175718849,4.45726817365358,4.16322228449186,629.0
2021-11-29 16:25:24,12.39,6.79,7.89,1.99,3.59,-1.0,5.99,-1.0,1.12,221789.0,77.85,14.76,699.0,58647.03125,58950.0,-1.0,15.6,11270.0,11134.0,5.99,-1.0,85.0,49.99,0.6,222.70833333333334,235.0,7.17,139.0,-1.0,7433.079239302694,4.496535280887675,4.1621945646145315,570.0
2021-11-30 15:15:46,12.39,6.79,7.89,3.49,3.59,3.49,5.99,19.99,1.12,221789.0,77.85,14.76,699.0,77723.49253731343,77900.0,3599.99,-1.0,11289.0,11134.0,5.99,-1.0,85.0,49.99,0.6,204.7826086956522,200.0,7.17,139.0,3030.0,7349.028391167193,4.468814201119869,4.100424802405718,799.0
2021-12-02 13:40:17,12.39,6.79,7.89,3.49,3.59,3.49,5.99,19.99,1.12,221789.0,100.8,14.76,699.0,87282.32575757576,85950.0,3599.99,-1.0,11276.0,11097.0,5.99,-1.0,85.0,49.99,0.6,202.2,195.0,7.18,139.0,3030.0,7217.80250783699,4.419875704859027,4.062063247033917,579.0
2021-12-03 10:20:59,12.39,6.79,7.89,3.49,3.59,3.49,5.99,19.99,1.12,221789.0,100.8,14.76,699.0,78076.96875,81900.0,3599.99,15.6,11286.0,11063.0,5.99,-1.0,85.0,49.99,0.6,211.8,200.0,7.18,139.0,3030.0,7187.30985915493,4.414444557651161,4.066599136331881,699.0
2021-12-06 08:42:33,12.39,8.99,7.89,3.49,4.79,3.49,5.99,19.99,1.119,221789.0,100.8,14.76,699.0,78188.5,72449.5,3599.99,-1.0,11281.0,11076.0,5.99,-1.0,85.0,49.99,0.6,212.85714285714286,200.0,7.18,139.0,3030.0,7278.517405063292,4.426320889339645,4.078215346424931,799.0
2021-12-08 12:37:29,12.39,8.99,7.89,3.49,4.79,3.49,5.99,19.99,1.119,218469.0,100.8,15.16,699.0,85759.71875,86350.0,3599.99,15.6,11261.0,11089.0,5.99,-1.0,85.0,49.99,0.6,212.91666666666666,210.0,6.99,139.0,3030.0,7288.250793650794,4.403785361886275,4.068087964156582,749.0
2021-12-10 12:37:08,12.39,8.99,7.89,3.49,4.79,3.49,5.99,19.99,1.119,218469.0,100.8,15.16,699.0,86618.19696969698,84950.0,3599.99,15.6,11244.0,11059.0,5.99,-1.0,85.0,49.99,0.6,212.6086956521739,200.0,6.99,139.0,3030.0,7252.985849056604,4.426664785796745,4.093488521919234,737.0
2021-12-13 15:12:02,8.99,8.99,7.89,3.49,3.69,3.49,5.99,19.99,1.119,218469.0,100.8,15.16,699.0,92134.25,92680.0,3599.0,15.6,11254.0,11064.0,5.99,-1.0,85.0,49.99,0.6,197.8,190.0,6.99,139.0,3030.0,7307.676145339653,4.4409659652211815,4.098677296964907,739.0
2021-12-14 12:08:38,8.99,8.99,7.89,3.49,3.69,3.49,5.99,19.99,1.119,218469.0,100.8,15.16,699.0,107352.78125,107715.0,3599.0,15.6,11249.0,11075.0,5.99,-1.0,85.0,49.99,0.6,194.80769230769232,192.5,7.18,139.0,3030.0,7317.701892744479,4.458711425907951,4.10066891642257,749.0
2021-12-17 20:00:39,8.99,8.99,7.89,3.49,3.69,3.49,5.99,19.99,1.119,218469.0,100.8,15.16,699.0,-1,-1,2999.0,-8.0,11271.0,10957.0,5.99,-1.0,85.0,49.99,0.6,222.91666666666666,250.0,7.13,139.0,3030.0,7408.851199999999,4.4515785425879635,4.113721103985231,749.0
2021-12-17 20:06:53,8.99,8.99,7.89,3.49,3.69,3.49,5.99,19.99,1.119,218469.0,100.8,15.16,699.0,-1.0,-1.0,2999.0,-8.0,11271.0,10957.0,5.99,-1.0,85.0,49.99,0.6,213.26923076923077,200.0,7.13,139.0,3030.0,7408.851199999999,4.4515785425879635,4.113721103985231,749.0
2021-12-21 13:41:18,12.39,8.99,7.89,3.49,3.59,3.49,5.99,19.99,1.119,218469.0,100.8,15.16,699.0,-1.0,-1.0,3599.0,-8.0,11272.0,10979.0,5.91,-1.0,85.0,49.99,-1.0,205.6818181818182,200.0,7.13,139.0,3030.0,7368.8089171974525,4.448185539877943,4.102471086146704,755.0
2021-12-23 14:15:17,12.39,8.99,7.89,3.49,3.59,3.49,5.99,19.99,1.119,218469.0,100.8,15.16,699.0,-1.0,-1.0,3599.0,-8.0,11276.0,10994.0,5.74,-1.0,85.0,49.99,-1.0,212.6,200.0,5.99,139.0,3030.0,7389.682615629985,4.448363593421923,4.096164131905982,995.0
2021-12-28 10:33:57,12.39,8.99,7.89,3.49,4.79,3.49,5.99,19.99,1.119,218469.0,100.8,15.16,699.0,-1.0,-1.0,2999.0,-1.0,11301.0,10997.0,5.74,-1.0,85.0,49.99,-1.0,206.60714285714286,200.0,6.99,139.0,3030.0,7372.663461538462,4.429096118354611,4.063497923885518,819.0
2021-12-29 11:59:21,12.39,8.99,7.89,3.49,4.79,3.49,5.99,19.99,1.119,218469.0,100.8,15.16,699.0,-1.0,-1.0,2999.99,15.6,11286.0,11009.0,5.74,-1.0,85.0,49.99,-1.0,214.8,240.0,5.99,139.0,3030.0,7331.433811802234,4.428781047074012,4.072838346697383,815.0
2021-12-30 19:23:18,12.39,8.99,7.89,3.49,4.79,3.49,5.99,19.99,1.119,218469.0,100.8,15.16,699.0,-1.0,-1.0,2999.0,-1.0,11283.0,11012.0,5.7,-1.0,85.0,49.99,-1.0,222.5,250.0,5.99,139.0,3030.0,7355.927884615386,4.435328221703652,4.057348813980315,749.0
2021-12-31 13:50:13,12.39,8.99,7.89,3.49,4.79,3.49,5.99,19.99,1.119,218469.0,100.8,15.16,699.0,-1.0,-1.0,2999.0,-1.0,11293.0,11008.0,5.7,-1.0,85.0,49.99,-1.0,228.2608695652174,250.0,5.99,139.0,3030.0,7386.475884244373,4.446678242152189,4.058704009950671,749.0
2022-01-03 16:16:26,12.39,8.99,7.89,3.49,4.79,3.49,5.99,19.99,1.119,218469.0,100.8,15.16,699.0,-1.0,-1.0,2999.99,-1.0,11356.0,11008.0,5.7,-1.0,85.0,49.99,-1.0,235.9090909090909,250.0,6.99,-1.0,3390.0,7292.756369426751,4.4106284194316645,4.0502593399984965,749.0
2022-01-03 16:57:22,12.39,8.99,7.89,3.49,4.79,3.49,5.99,19.99,1.119,218469.0,100.8,15.16,699.0,123856.68055555556,119331.0,2999.99,-1.0,11359.0,11008.0,5.7,-1.0,85.0,49.99,-1.0,235.9090909090909,250.0,6.99,-1.0,3390.0,7292.756369426751,4.4106284194316645,4.0502593399984965,749.0
2022-01-03 17:12:42,12.39,8.99,7.89,3.49,4.79,3.49,5.99,19.99,1.119,218469.0,100.8,15.16,699.0,134887.85555555555,127960.0,2999.99,15.6,11359.0,11008.0,5.7,-1.0,85.0,49.99,0.64,235.23809523809524,250.0,6.99,-1.0,3390.0,7302.135566188199,4.413965806131913,4.054051493382471,749.0
2022-01-04 12:01:24,12.39,8.99,7.89,3.49,4.79,3.49,5.99,19.99,1.119,218469.0,100.8,15.16,699.0,125983.38425925926,120450.0,2999.99,15.6,11370.0,11015.0,5.7,-1.0,85.0,49.99,0.64,215.23809523809524,250.0,5.99,154.0,-1.0,7305.995207667732,4.409829268739509,4.047159234203343,749.0
2022-01-05 09:26:59,12.39,8.99,7.89,3.49,4.79,3.49,5.99,19.99,1.119,218469.0,100.8,15.16,699.0,113779.91111111111,115225.0,2999.99,-1.0,11357.0,11030.0,5.68,-1.0,85.0,49.99,0.64,220.45454545454547,250.0,6.99,154.0,-1.0,7345.16077170418,4.417659071658151,4.039749446033102,749.0
2022-01-06 20:36:07,12.39,8.99,7.89,3.49,4.79,3.49,5.99,19.99,1.119,218469.0,100.8,15.16,699.0,110823.21875,103110.0,2999.99,15.6,11373.0,11052.0,5.68,-1.0,85.0,49.99,0.64,227.0,250.0,5.99,154.0,-1.0,7204.337025316457,4.374436519313024,4.031351129283455,749.0
2022-01-07 19:51:17,12.39,8.99,7.89,3.49,4.79,3.49,5.99,19.99,1.119,218469.0,100.8,15.16,699.0,139466.640625,127450.0,3599.99,-1.0,11357.0,11048.0,5.68,-1.0,85.0,49.99,0.64,226.0,250.0,6.99,154.0,3390.0,7189.113924050634,4.353531869226937,4.0008101087482935,749.0
2022-01-09 14:46:49,12.39,8.99,7.89,3.49,4.79,3.49,5.99,19.99,1.119,218469.0,100.8,15.16,699.0,-1.0,-1.0,3599.99,-1.0,11363.0,11048.0,5.68,-1.0,85.0,49.99,0.64,235.45454545454547,250.0,7.18,154.0,3390.0,7192.045886075949,4.353025846902901,4.000613465074298,749.0
2022-01-10 09:20:32,12.39,8.99,7.89,3.49,4.79,3.49,5.99,19.99,1.119,218469.0,100.8,15.16,699.0,123395.25520833333,118100.0,3599.99,-1.0,11361.0,11042.0,5.68,-1.0,85.0,49.99,0.64,241.42857142857142,250.0,7.18,154.0,3390.0,7196.18829113924,4.3586679010499925,4.013352276487692,825.0
2022-01-11 08:05:08,12.39,8.99,7.89,3.49,4.79,3.49,5.99,19.99,1.119,218469.0,106.53,15.16,699.0,-1.0,-1.0,3599.0,-1.0,11364.0,11021.0,5.68,-1.0,85.0,49.99,0.64,238.57142857142858,250.0,6.07,154.0,3390.0,7250.03668261563,4.32828531927697,4.008013782754099,825.0
2022-01-12 09:41:13,12.39,8.99,7.89,3.49,4.79,3.49,5.99,19.99,1.119,218469.0,106.53,15.16,699.0,119733.671875,117500.0,3599.0,-1.0,11360.0,11029.0,5.68,-1.0,85.0,49.99,0.64,224.7826086956522,250.0,6.06,154.0,-1.0,7257.590399999999,4.319866746791285,3.992376100633359,825.0
2022-01-13 09:26:41,12.39,8.99,7.89,3.49,4.79,3.49,5.99,19.99,1.119,218469.0,106.53,15.16,699.0,112351.71875,111640.0,3599.0,-1.0,11364.0,11036.0,5.68,-1.0,85.0,49.99,0.64,239.3181818181818,250.0,7.06,154.0,3390.0,7215.25796178344,4.330700864862902,3.9528900039780304,649.0
2022-01-14 11:23:05,12.39,8.99,7.89,3.49,4.79,3.49,5.99,19.99,1.119,218469.0,106.53,15.16,699.0,120053.77083333333,117415.0,3599.0,-1.0,11364.0,11038.0,5.68,-1.0,85.0,49.99,0.64,223.91304347826087,250.0,7.06,154.0,3390.0,7211.661367249602,4.348122196234807,3.957027920816435,649.0
2022-01-24 14:22:17,12.39,8.99,7.89,3.49,4.79,3.49,5.99,19.99,1.119,218469.0,106.53,15.16,699.0,130646.59895833333,128020.0,2999.0,-1.0,11294.0,10835.0,5.69,-1.0,85.0,49.99,0.64,222.5,250.0,6.07,154.0,-1.0,7423.534201954398,4.4203859212543755,4.032498502648344,649.0
2022-02-04 11:32:42,12.39,6.99,6.69,3.39,3.69,3.99,5.99,20.99,1.07,218469.0,106.53,15.16,699.0,-1.0,-1.0,2799.0,-1.0,11279.0,10940.0,5.12,-1.0,85.0,69.99,0.64,212.91666666666666,215.0,6.29,138.6,-1.0,7183.947867298578,4.308335022899143,3.971208678353544,649.0
2022-02-07 10:15:28,12.39,8.59,6.69,3.39,4.59,3.99,5.99,20.99,1.07,218469.0,106.53,15.16,699.0,-1.0,-1.0,2799.0,-1.0,11293.0,11033.0,5.19,-1.0,85.0,69.99,0.64,241.36363636363637,250.0,6.29,138.6,-1.0,7203.015822784811,4.303747374153158,3.9813313299743833,649.0
2022-02-08 14:17:54,12.39,8.59,6.49,3.39,4.59,3.99,5.99,20.99,1.07,218469.0,106.53,15.16,699.0,-1.0,-1.0,2799.0,-1.0,11268.0,11043.0,5.19,-1.0,85.0,69.99,0.64,230.0,250.0,6.29,138.6,-1.0,7166.587025316457,4.294453683669581,3.965909668019201,649.0
2022-02-10 13:51:17,12.39,8.59,6.49,3.39,4.59,3.99,5.99,20.99,1.07,218469.0,106.53,15.16,699.0,-1.0,-1.0,2799.0,-1.0,11263.0,11098.0,5.19,-1.0,85.0,69.99,0.64,230.0,250.0,6.29,138.6,-1.0,7106.386075949367,4.248875871418422,3.927450483144593,649.0
2022-02-11 16:12:06,12.39,8.59,6.49,3.39,4.59,3.99,5.99,20.99,1.07,218469.0,106.53,15.16,699.0,-1.0,-1.0,2799.0,-1.0,11251.0,11106.0,5.19,-1.0,85.0,69.99,0.64,238.94736842105263,250.0,6.29,138.6,-1.0,7189.896825396825,4.293444055612637,3.977449643449543,649.0
2022-02-11 16:29:22,12.39,8.59,6.49,3.39,4.59,3.99,5.99,20.99,1.07,218469.0,106.53,15.16,699.0,120172.75,120450.0,2799.0,-1.0,11249.0,11104.0,5.19,-1.0,85.0,69.99,0.64,240.0,250.0,6.29,138.6,-1.0,7189.896825396825,4.293444055612637,3.977449643449543,649.0
2022-02-11 18:17:04,12.39,8.59,6.49,3.39,4.59,3.99,5.99,20.99,1.07,218469.0,106.53,15.16,699.0,126569.6625,131450.0,2799.0,16.3,11255.0,11102.0,5.19,-1.0,85.0,69.99,0.64,239.5,250.0,6.29,138.6,-1.0,7170.746434231378,4.287646984687723,3.9689909764978424,649.0
2022-02-14 10:29:13,12.39,8.59,6.49,3.39,4.59,3.99,5.99,20.99,1.07,218469.0,106.53,15.16,699.0,115406.78125,110085.0,2799.0,16.3,11246.0,11084.0,5.19,-1.0,85.0,69.99,0.64,235.0,250.0,6.29,138.6,-1.0,7310.6629392971245,4.376168992858864,4.045502762430939,649.0
2022-02-14 10:44:14,12.39,8.59,6.49,3.39,4.59,3.99,5.99,20.99,1.07,218469.0,106.53,15.16,699.0,121513.953125,126010.0,2799.0,16.3,11246.0,11084.0,5.19,-1.0,85.0,69.99,0.64,235.0,250.0,6.29,138.6,3210.0,7310.6629392971245,4.376168992858864,4.045502762430939,649.0
2022-02-14 12:25:43,12.39,8.59,6.49,3.39,4.59,3.99,5.99,20.99,1.07,218469.0,106.53,15.16,699.0,120575.46875,121170.0,2799.0,16.3,11245.0,11083.0,5.19,-1.0,85.0,69.99,0.64,232.10526315789474,250.0,6.29,138.6,3210.0,7297.4544,4.360929840312776,4.03360044714516,649.0
2022-02-14 12:42:10,12.39,8.59,6.49,3.39,4.59,3.99,5.99,20.99,1.07,218469.0,106.53,15.16,699.0,120686.06696428571,121100.0,2799.0,16.3,11245.0,11083.0,5.19,-1.0,85.0,69.99,0.64,233.0,250.0,6.29,138.6,3210.0,7297.4544,4.360929840312776,4.03360044714516,649.0
2022-02-14 12:44:26,12.39,8.59,6.49,3.39,4.59,3.99,5.99,20.99,1.07,218469.0,106.53,15.16,699.0,103215.890625,103985.0,2799.0,16.3,11246.0,11083.0,5.19,-1.0,85.0,69.99,0.64,233.0,250.0,6.29,138.6,3210.0,7297.4544,4.360929840312776,4.03360044714516,649.0
2022-02-14 12:48:42,12.39,8.59,6.49,3.39,4.59,3.99,5.99,20.99,1.07,218469.0,106.53,15.16,699.0,120686.06696428571,121100.0,2799.0,16.3,11246.0,11083.0,5.19,-1.0,85.0,69.99,0.64,233.8095238095238,250.0,6.29,138.6,3210.0,7297.4544,4.360929840312776,4.03360044714516,649.0
2022-02-14 12:54:40,12.39,8.59,6.49,3.39,4.59,3.99,5.99,20.99,1.07,218469.0,106.53,15.16,699.0,120686.06696428571,121100.0,2799.0,16.3,11246.0,11083.0,5.19,-1.0,85.0,69.99,0.64,232.10526315789474,250.0,6.29,138.6,3210.0,7297.4544,4.360929840312776,4.03360044714516,649.0
2022-02-14 13:02:13,12.39,8.59,6.49,3.39,4.59,3.99,5.99,20.99,1.07,218469.0,106.53,15.16,699.0,120686.06696428571,121100.0,2799.0,16.3,11246.0,11089.0,5.19,-1.0,85.0,69.99,0.64,233.8095238095238,250.0,6.29,138.6,3210.0,7282.0527156549515,4.35883865403353,4.03070756764834,649.0
2022-02-14 13:06:21,12.39,8.59,6.49,3.39,4.59,3.99,5.99,20.99,1.07,218469.0,106.53,15.16,699.0,120686.06696428571,121100.0,2799.0,16.3,11246.0,11089.0,5.19,-1.0,85.0,69.99,0.64,233.8095238095238,250.0,6.29,138.6,3210.0,7282.0527156549515,4.35883865403353,4.03070756764834,649.0
2022-02-14 13:09:04,12.39,8.59,6.49,3.39,4.59,3.99,5.99,20.99,1.07,218469.0,106.53,15.16,699.0,120686.06696428571,121100.0,2799.0,16.3,11246.0,11089.0,5.19,-1.0,85.0,69.99,0.64,233.8095238095238,250.0,6.29,138.6,3210.0,7282.0527156549515,4.35883865403353,4.03070756764834,649.0
2022-02-16 11:27:03,12.39,6.99,6.69,3.39,4.59,3.99,5.99,20.99,1.07,218469.0,106.53,15.16,699.0,115447.703125,116550.0,2799.0,16.3,11257.0,11072.0,5.19,-1.0,85.0,69.99,0.64,237.91666666666666,250.0,7.37,138.6,3210.0,7137.085850556438,4.267760123890928,3.9460979205141884,649.0
2022-02-21 16:02:00,12.39,6.99,6.69,3.39,3.59,3.99,5.99,20.99,1.07,218469.0,106.53,15.16,699.0,114806.24479166667,115505.0,3148.38,16.3,11242.0,11093.0,5.37,-1.0,85.0,69.99,0.64,239.2,250.0,7.37,138.6,3210.0,7220.035087719299,4.354623423395692,3.9931215764450596,649.0
2022-02-28 13:23:46,12.39,8.59,6.69,3.39,3.59,3.99,5.99,20.99,1.07,218469.0,16.09,15.16,699.0,127185.984375,117515.0,3599.0,16.3,11307.0,11003.0,5.57,-1.0,85.0,69.99,0.64,228.4090909090909,250.0,5.9,138.6,3210.0,7562.553225806451,4.539321306657011,4.184549026817517,649.0
2022-03-01 13:12:07,9.99,8.59,6.69,3.39,4.59,3.99,5.99,20.99,1.07,218469.0,-1.0,15.16,699.0,122063.68229166667,117515.0,3999.0,16.3,11284.0,11016.0,5.57,-1.0,85.0,69.99,0.64,217.91666666666666,210.0,7.07,138.6,3210.0,7685.286407766992,4.630868772906898,4.2500496636295795,649.0
2022-03-07 08:28:47,9.99,8.59,6.69,3.39,4.99,3.99,5.99,20.99,1.07,225429.0,81.98,15.16,699.0,130160.50446428571,124900.0,3999.0,16.3,11290.0,11059.0,6.36,-1.0,85.0,69.99,0.64,235.71428571428572,250.0,7.37,138.6,3210.0,8215.113144758736,4.930419855561059,4.540351822611807,649.0
2022-03-08 13:49:23,9.99,8.59,6.69,1.99,4.99,3.99,5.99,20.99,1.07,234289.0,81.98,15.16,699.0,124717.48958333333,123950.0,3999.0,16.3,11306.0,11131.0,6.5,-1.0,85.0,69.99,0.64,237.61904761904762,250.0,7.37,138.6,3210.0,8112.8723051409615,4.846298404169428,4.486656676064192,649.0
2022-03-09 17:12:48,9.99,8.59,6.69,1.99,4.99,3.99,5.99,20.99,1.07,234289.0,81.98,15.16,699.0,123445.81770833333,118815.0,3999.0,16.8,11301.0,11181.0,6.5,-1.0,85.0,69.99,0.64,236.66666666666666,250.0,5.99,138.6,3210.0,7784.8426229508195,4.640527614963814,4.305506419607797,649.0
2022-03-10 13:23:51,9.99,8.59,6.69,1.99,4.99,3.99,5.99,20.99,1.07,234289.0,81.98,15.16,699.0,125131.03645833333,122960.0,3999.0,16.8,11291.0,11149.0,6.5,-1.0,85.0,69.99,0.64,232.56521739130434,250.0,7.37,138.6,3210.0,8765.847549909256,4.721159278627633,4.371182667245874,649.0
2022-03-14 16:02:02,12.39,8.59,6.69,3.39,4.99,3.99,5.99,20.99,1.07,234289.0,81.98,15.16,699.0,129771.63392857143,123500.0,3999.0,16.8,11327.0,11161.0,6.98,-1.0,85.0,69.99,0.64,242.27272727272728,250.0,7.37,138.6,3210.0,8417.693404634581,4.605987956202243,4.3066679434389865,649.0
2022-03-16 09:24:59,12.39,8.59,5.99,3.39,4.99,3.99,5.99,20.99,0.8,226859.0,81.98,15.16,699.0,-1.0,-1.0,3999.0,16.8,11338.0,11236.0,6.88,-1.0,85.0,69.99,0.64,236.52173913043478,250.0,7.37,138.6,3210.0,8214.2722513089,4.562688303379282,4.292621577574075,649.0
2022-03-17 13:13:09,12.39,8.59,5.99,3.39,4.99,3.99,5.99,20.99,0.8,226859.0,81.98,15.16,699.0,126376.72916666667,118680.0,3999.0,16.8,11319.0,11260.0,6.88,-1.0,85.0,69.99,0.64,231.0,250.0,5.89,138.6,3210.0,8253.346830985914,4.512430622801732,4.242405951077366,649.0
2022-03-18 11:20:38,12.39,8.59,5.99,3.39,4.99,3.99,5.99,20.99,0.8,226859.0,81.98,15.16,699.0,125136.88839285714,122760.0,3999.0,16.8,11323.0,11263.0,6.88,-1.0,85.0,69.99,0.64,219.19230769230768,199.5,7.37,138.6,3210.0,8208.528795811517,4.545437589572958,4.2501644588220415,649.0
2022-03-22 14:22:59,-1.0,-1.0,-1.0,3.39,-1.0,-1.0,-1.0,20.99,0.8,222739.0,81.98,15.16,699.0,-1.0,-1.0,-1.0,16.8,11342.0,11322.0,6.88,-1.0,85.0,69.99,0.64,230.0,250.0,5.89,138.6,3210.0,8181.759162303664,4.557307696046505,4.24895863921607,649.0
2022-03-23 12:58:15,-1.0,-1.0,-1.0,3.39,-1.0,-1.0,-1.0,20.99,0.8,222739.0,81.98,15.16,-1.0,118856.7875,116715.0,3999.0,16.8,11368.0,11322.0,6.88,-1.0,85.0,69.99,0.64,223.96,200.0,7.37,138.6,3210.0,8265.322807017545,4.585754012943818,4.288870337985524,649.0
2022-03-25 10:26:00,12.39,8.59,6.99,3.39,4.99,3.99,5.99,20.99,0.8,221739.0,81.98,15.16,699.0,127423.15104166667,125700.0,3999.0,16.8,11420.0,11289.0,6.88,-1.0,85.0,69.99,0.64,231.96,250.0,5.9,152.1,3210.0,8443.513321492006,4.658446739517093,4.3194506661772065,649.0
2022-03-28 10:30:54,12.39,8.59,6.69,3.39,4.99,3.99,5.99,20.99,1.07,221739.0,81.98,15.16,699.0,124887.08333333333,125700.0,3999.0,16.8,11464.0,11291.0,6.59,-1.0,85.0,69.99,0.64,226.36363636363637,225.0,7.37,152.1,3210.0,8320.452296819787,4.599570454538795,4.298531003725887,649.0
2022-03-29 09:58:46,12.39,8.99,6.69,3.39,4.99,3.99,5.99,20.99,1.07,221739.0,81.98,15.16,699.0,124965.11875,131850.0,3999.0,16.8,11472.0,11294.0,6.59,-1.0,85.0,69.99,0.64,227.56,240.0,5.9,152.1,3210.0,8191.127399650959,4.561616848816471,4.2657973019276225,649.0
2022-03-30 12:14:43,12.39,8.99,6.69,3.39,4.99,3.99,5.99,20.99,1.07,221739.0,81.98,15.16,699.0,125950.359375,126665.0,3999.0,16.8,11491.0,11288.0,6.59,-1.0,85.0,69.99,0.64,228.75,250.0,7.37,152.1,3210.0,8003.182444061961,4.504676781366889,4.17119592519233,649.0
2022-04-01 14:38:59,-1.0,-1.0,-1.0,-1.0,-1.0,-1.0,-1.0,-1.0,-1.0,221739.0,81.98,15.16,699.0,119576.58125,122630.0,3999.0,16.8,11511.0,11212.0,6.59,-1.0,85.0,69.99,0.64,228.88888888888889,250.0,7.35,152.1,3210.0,8095.685863874345,4.540810073748074,4.197536762610043,649.0
2022-04-04 15:47:34,12.99,8.59,6.69,3.39,4.99,3.99,5.99,20.99,1.07,221739.0,81.98,15.16,699.0,126932.828125,126900.0,3999.0,16.8,11502.0,11228.0,6.53,-1.0,85.0,69.99,0.64,241.66666666666666,250.0,5.9,152.1,3210.0,8140.639718804922,4.554134635331918,4.215418413602117,649.0
2022-04-06 14:38:41,12.99,8.59,6.69,3.39,4.99,3.99,5.99,20.99,1.07,221739.0,81.98,15.16,699.0,133303.5,128020.0,3999.0,17.9,11524.0,11285.0,6.53,-1.0,85.0,69.99,0.64,217.82608695652175,200.0,5.9,152.1,3210.0,8154.945422535211,4.5471545489618235,4.239538008409499,649.0
2022-04-08 12:15:33,12.99,8.69,6.94,3.39,4.99,3.99,5.99,20.99,1.07,221739.0,81.98,15.16,699.0,122690.4140625,118225.0,3999.0,17.9,11521.0,11234.0,6.47,-1.0,85.0,-1.0,0.64,229.6153846153846,235.0,5.9,152.1,3210.0,8243.23268206039,4.563210276155959,4.266648279666275,649.0
2022-04-11 10:03:08,12.99,8.69,6.94,3.39,4.99,3.99,5.99,20.99,1.07,221739.0,81.98,15.16,699.0,-1.0,-1.0,3999.0,17.9,11522.0,11235.0,6.47,-1.0,85.0,-1.0,0.64,241.36363636363637,250.0,5.9,152.1,3210.0,8283.110516934046,4.555326707748169,4.259047264648301,649.0
2022-04-14 09:45:10,12.99,8.69,7.29,3.39,4.99,3.99,5.99,14.99,1.07,221739.0,81.98,15.16,699.0,132383.52083333334,127915.0,3999.0,17.9,11560.0,11257.0,6.47,-1.0,85.0,-1.0,0.64,243.91304347826087,250.0,5.9,152.1,3210.0,8405.882246376812,4.55372655934113,4.254320521295684,649.0
2022-04-19 11:58:55,12.39,8.69,7.29,3.39,4.99,3.99,5.99,14.99,1.07,221739.0,81.98,15.16,699.0,-1.0,-1.0,3999.0,17.9,11636.0,11292.0,6.28,-1.0,85.0,-1.0,0.64,224.4,210.0,7.98,174.6,3210.0,8493.450549450548,4.538969218677663,4.295319021234738,649.0
2022-04-22 08:10:39,-1.0,-1.0,-1.0,3.39,-1.0,-1.0,-1.0,14.99,1.07,221739.0,78.99,15.16,699.0,120750.23958333333,122760.0,-1.0,17.9,11662.0,11302.0,6.28,-1.0,85.0,-1.0,0.64,234.76190476190476,250.0,7.98,174.6,3210.0,8344.460431654677,4.484885628417784,4.276248420435578,649.0
2022-04-28 09:53:03,12.39,8.69,7.29,3.39,4.99,3.99,5.99,14.99,1.07,221739.0,78.99,15.16,699.0,127855.53645833333,129900.0,-1.0,17.9,11672.0,11386.0,6.37,-1.0,85.0,-1.0,0.64,230.0,235.0,-1.0,174.6,3210.0,8404.474060822899,4.5986460812018475,4.4620199846330495,649.0
2022-04-28 09:57:38,12.39,8.69,7.29,3.39,4.99,3.99,5.99,14.99,1.07,221739.0,78.99,15.16,-1.0,126304.24553571429,123900.0,-1.0,17.9,11672.0,11386.0,6.37,-1.0,85.0,-1.0,0.64,230.0,235.0,-1.0,174.6,3210.0,8404.474060822899,4.5986460812018475,4.4620199846330495,649.0
2022-04-28 12:32:17,12.39,8.69,7.29,3.39,4.99,3.99,5.99,14.99,1.07,221739.0,78.99,15.16,699.0,-1.0,-1.0,-1.0,17.9,11666.0,11382.0,6.37,-1.0,85.0,49.99,0.64,229.2,250.0,7.9,174.6,3210.0,8419.603231597846,4.589394829037246,4.456073688301299,649.0
2022-04-29 10:57:09,12.39,8.69,7.29,3.39,4.99,3.99,5.99,14.99,1.07,222739.0,78.99,15.16,-1.0,120216.078125,124490.0,-1.0,17.9,11666.0,11388.0,6.37,-1.0,85.0,49.99,0.64,215.375,199.5,7.9,174.6,3210.0,8426.236889692587,4.544310772249497,4.400302374423015,649.0
2022-04-29 16:37:38,12.39,8.69,7.29,3.39,4.99,3.99,5.99,14.99,1.07,222739.0,78.99,15.16,699.0,126018.390625,124490.0,-1.0,17.9,11683.0,11393.0,6.45,-1.0,85.0,49.99,0.64,220.76,200.0,7.9,174.6,3210.0,8484.563405797102,4.580432998825424,4.444578463033487,649.0
2022-05-02 08:32:13,12.39,8.69,7.29,3.39,4.99,3.99,5.99,14.99,1.07,222739.0,78.99,15.16,699.0,129879.91517857143,125225.0,-1.0,17.9,11665.0,11403.0,6.45,-1.0,85.0,49.99,0.64,223.43478260869566,210.0,-1.0,164.0,3210.0,8392.25852782765,4.563530323709331,4.443847852602099,649.0
2022-05-02 10:10:56,12.39,8.69,7.29,3.39,4.99,3.99,5.99,14.99,1.07,222739.0,78.99,15.16,699.0,129879.91517857143,125225.0,-1.0,17.9,11665.0,11403.0,6.45,-1.0,85.0,49.99,0.64,223.43478260869566,210.0,7.9,164.0,3210.0,8343.066071428573,4.553214360197795,4.4277495048285145,649.0
2022-05-02 10:22:44,12.39,8.69,7.29,3.39,4.99,3.99,5.99,14.99,1.07,222739.0,78.99,15.16,699.0,136808.94375,125225.0,3699.0,17.9,11665.0,11403.0,6.45,-1.0,85.0,49.99,0.64,229.95652173913044,250.0,7.9,164.0,3210.0,8375.590339892666,4.566705064292452,4.4442034481351165,649.0
2022-05-02 14:23:36,12.39,8.69,7.29,3.39,4.99,3.99,5.99,14.99,1.07,222739.0,78.99,15.16,-1.0,127721.75625,118125.0,3699.0,17.9,11662.0,11411.0,6.45,-1.0,85.0,49.99,0.64,228.29166666666666,250.0,7.9,164.0,3210.0,8371.176785714288,4.574346589384426,4.4574023820435835,649.0
2022-05-02 14:37:07,12.39,8.69,7.29,3.39,4.99,3.99,5.99,14.99,1.07,222739.0,78.99,15.16,699.0,129873.21875,125225.0,3699.0,17.9,11662.0,11411.0,6.45,-1.0,85.0,49.99,0.64,228.29166666666666,250.0,7.9,164.0,3210.0,8371.176785714288,4.574346589384426,4.4574023820435835,649.0
2022-05-04 09:30:21,12.99,8.99,7.29,3.39,4.99,3.99,5.99,14.99,1.07,259489.0,78.99,15.16,699.0,116588.0625,119900.0,3699.0,17.9,11671.0,11404.0,6.45,-1.0,85.0,49.99,0.64,218.70833333333334,215.0,7.9,164.0,3210.0,8334.506216696269,4.56081144127927,4.463203961435735,649.0
2022-05-05 09:36:03,-1.0,-1.0,-1.0,3.39,-1.0,-1.0,-1.0,14.99,1.07,259489.0,78.99,15.16,699.0,121790.98958333333,122850.0,3699.0,17.9,11675.0,11430.0,6.45,-1.0,85.0,49.99,0.64,234.125,250.0,7.9,164.0,3210.0,8349.413978494622,4.507236870746325,4.3965806690881495,649.0
2022-05-09 11:35:15,-1.0,-1.0,-1.0,3.39,-1.0,-1.0,-1.0,14.99,1.07,259489.0,78.99,15.16,699.0,-1.0,-1.0,3699.0,17.9,11685.0,11428.0,6.45,-1.0,85.0,49.99,0.64,240.73076923076923,250.0,7.61,164.0,3210.0,8361.859680284191,4.5097533382060915,4.481048671884072,649.0
2022-05-09 13:52:12,12.99,8.99,7.29,3.39,4.99,3.99,5.99,14.99,1.07,259489.0,78.99,15.16,699.0,124620.90625,122830.0,3699.0,17.9,11685.0,11428.0,6.45,-1.0,85.0,49.99,0.64,244.54545454545453,250.0,7.61,164.0,3210.0,8295.112874779541,4.497023547724587,4.461248284346506,649.0
2022-05-10 12:01:53,12.99,8.99,7.29,3.39,4.99,3.99,5.99,14.99,1.07,259489.0,78.99,15.16,699.0,122555.725,119900.0,3999.0,17.9,11681.0,11416.0,6.45,-1.0,85.0,49.99,0.64,227.65384615384616,250.0,7.61,164.0,3210.0,8256.701940035273,4.457341276453131,4.433848613365711,599.0
2022-05-11 13:39:49,12.99,8.99,7.29,3.39,4.99,3.99,5.99,14.99,1.07,259489.0,78.99,15.16,699.0,-1.0,-1.0,3999.0,17.9,11661.0,11434.0,6.45,-1.0,85.0,49.99,0.64,213.8695652173913,200.0,7.61,164.0,3210.0,8202.920913884009,4.467355734580917,4.422323749895778,599.0
2022-05-12 13:12:48,12.99,8.99,7.29,3.39,4.99,3.99,5.99,14.99,1.07,259489.0,78.99,15.16,-1.0,-1.0,-1.0,119.0,17.9,11673.0,11415.0,6.45,-1.0,85.0,49.99,0.64,216.47826086956522,200.0,7.61,164.0,3210.0,8260.909893992934,4.496269356409889,4.4773807608629035,599.0
2022-05-16 14:38:42,12.39,8.99,7.29,3.39,4.99,3.99,5.99,14.99,1.07,259489.0,78.99,15.16,-1.0,123819.925,119900.0,3999.0,17.9,11681.0,11408.0,6.45,-1.0,85.0,49.99,0.64,237.92,250.0,7.61,164.0,3210.0,8073.99134948097,4.450206596399416,4.478602974624142,599.0
2022-05-17 11:33:23,12.39,8.99,7.29,3.39,4.99,3.99,5.99,14.99,1.07,259489.0,78.99,15.16,699.0,125338.66666666667,122915.0,3999.0,17.9,11676.0,11409.0,6.45,-1.0,85.0,49.99,0.64,220.30769230769232,225.0,7.61,164.0,3210.0,8109.757839721256,4.458377629771804,4.442748681730334,599.0
2022-05-18 10:36:08,12.39,8.99,7.29,3.39,4.99,3.99,5.99,14.99,1.07,259489.0,78.99,15.16,-1.0,122920.13125,119900.0,-1.0,17.9,11668.0,11406.0,6.45,-1.0,85.0,49.99,0.64,226.59259259259258,240.0,7.61,164.0,3210.0,8038.647668393783,4.438912201728117,4.4261513575506175,599.0
2022-05-19 15:05:34,12.39,8.99,7.29,3.39,4.99,3.99,5.99,14.99,1.07,259489.0,78.99,15.16,-1.0,-1.0,-1.0,-1.0,17.9,11664.0,11408.0,6.45,-1.0,85.0,49.99,0.64,237.63636363636363,250.0,7.61,164.0,3210.0,8117.797556719022,4.534406033009594,4.413110592039225,599.0
2022-05-20 15:32:39,12.39,8.99,7.29,3.39,4.99,3.99,5.99,14.99,1.07,259489.0,78.99,15.16,699.0,126126.85,129949.5,-1.0,17.9,11661.0,11393.0,7.26,-1.0,85.0,49.99,0.64,221.16666666666666,199.5,7.61,164.0,3210.0,8062.7299651567955,4.497651564700292,4.379948610447316,599.0
2022-05-23 09:59:29,12.39,8.99,7.29,3.39,4.99,3.99,5.99,14.99,1.07,259489.0,78.99,15.16,699.0,136501.375,132900.0,-1.0,17.9,11671.0,11401.0,7.26,-1.0,85.0,49.99,0.64,234.58333333333334,250.0,7.61,164.0,3210.0,8090.802101576182,4.48597310463828,4.356329285208456,649.0
2022-05-25 09:13:17,12.39,8.99,7.29,3.39,4.99,3.99,5.99,14.99,1.07,259489.0,78.99,15.16,-1.0,130191.95833333333,124949.5,-1.0,17.9,11648.0,11448.0,7.28,-1.0,85.0,49.99,0.64,232.38095238095238,250.0,7.61,164.0,3210.0,7991.050434782608,4.468646030169911,4.299910255822376,649.0
2022-05-27 15:43:46,12.39,8.99,7.29,3.39,4.99,3.99,5.99,14.99,1.07,259489.0,78.99,15.16,699.0,130615.525,120140.0,-1.0,17.9,11632.0,11430.0,7.28,-1.0,85.0,49.99,0.63,234.5,245.0,7.61,164.0,3210.0,7962.802083333333,4.470493174237743,4.279961815499435,649.0
2022-05-30 10:56:37,12.39,8.69,7.29,3.39,4.99,3.99,5.99,14.99,1.07,259489.0,78.99,15.16,699.0,127804.59375,123550.0,-1.0,17.9,11624.0,11425.0,7.33,-1.0,85.0,49.99,0.63,252.08695652173913,250.0,7.98,164.0,3210.0,7921.40830449827,4.445925370641539,4.260351318607901,649.0
2022-06-02 10:53:02,12.39,8.69,7.29,3.39,4.99,4.59,5.99,14.99,1.07,259489.0,78.99,15.16,-1.0,125011.63541666667,122900.0,-1.0,17.9,11631.0,11402.0,7.33,-1.0,85.0,49.99,0.63,238.17391304347825,250.0,7.98,174.6,3210.0,7957.705372616984,4.473534939413927,4.294751374497483,649.0
2022-06-03 09:13:29,12.39,8.69,7.29,3.39,4.99,4.59,5.99,14.99,1.07,253419.0,78.99,15.16,699.0,112949.7578125,113450.0,-1.0,17.9,11636.0,11402.0,7.71,-1.0,85.0,49.99,0.63,226.8181818181818,250.0,7.98,174.6,3210.0,7956.6875,4.448848049731792,4.261548031834324,649.0
2022-06-06 08:58:48,12.39,8.69,7.29,3.39,4.99,4.59,5.99,14.99,1.07,253419.0,78.99,15.16,699.0,122781.5625,122270.0,-1.0,17.9,11637.0,11398.0,7.71,-1.0,-1.0,49.99,0.63,236.61904761904762,250.0,7.98,174.6,3210.0,7936.359861591695,4.4472132787710095,4.277351803312623,649.0
2022-06-07 08:15:34,12.39,8.69,7.29,3.39,4.99,4.59,5.99,14.99,1.07,253419.0,78.99,15.16,-1.0,112278.69907407407,117900.0,-1.0,17.9,11614.0,11410.0,7.71,-1.0,-1.0,49.99,0.63,232.17391304347825,250.0,7.98,174.6,3210.0,7911.662068965517,4.418761007748878,4.298523401413181,649.0
2022-06-07 08:31:52,12.39,8.69,7.29,3.39,4.99,4.59,5.99,14.99,1.07,253419.0,78.99,15.16,699.0,112278.69907407407,117900.0,3999.0,17.9,11614.0,11410.0,7.71,-1.0,-1.0,49.99,0.63,230.47619047619048,250.0,7.98,174.6,3210.0,7911.662068965517,4.418761007748878,4.298523401413181,649.0
2022-06-10 09:43:21,12.39,8.69,7.29,3.39,4.99,4.59,5.99,14.99,1.07,253419.0,78.99,15.16,-1.0,103707.05555555556,112855.0,3999.0,-1.0,11546.0,11416.0,7.71,-1.0,-1.0,49.99,0.63,236.31578947368422,250.0,7.98,174.6,3210.0,7981.468749999999,4.423389478910289,4.324660481313655,649.0
2022-06-13 09:35:21,12.39,8.69,7.49,3.39,5.49,4.59,5.99,14.99,1.07,253419.0,78.99,15.16,-1.0,114541.06481481482,118765.0,3999.0,-1.0,11542.0,11411.0,7.71,-1.0,-1.0,49.99,0.63,247.14285714285714,250.0,7.98,174.6,3210.0,8202.525754884546,4.450294837856043,4.404298987340323,649.0
2022-06-14 10:00:27,12.39,8.69,7.49,3.39,5.49,4.59,5.99,14.99,1.07,253419.0,78.99,15.16,-1.0,110699.40277777778,117595.0,3999.0,-1.0,11520.0,11409.0,7.71,-1.0,-1.0,49.99,0.63,234.95454545454547,250.0,7.98,174.6,3210.0,8114.213286713286,4.471528188567344,4.4373876630081455,878.0
2022-06-14 10:07:39,12.39,8.69,7.49,3.39,5.49,4.59,5.99,14.99,1.07,253419.0,78.99,15.16,-1.0,102782.40555555555,111765.0,3999.0,18.6,11520.0,11409.0,7.71,-1.0,-1.0,49.99,0.63,234.23809523809524,250.0,7.98,174.6,3210.0,8114.213286713286,4.471528188567344,4.4373876630081455,878.0
2022-06-15 16:01:49,12.39,8.69,7.49,3.39,5.49,4.59,5.99,14.99,1.07,253419.0,78.99,15.16,699.0,120774.890625,121130.0,3999.0,18.6,11472.0,11409.0,7.71,-1.0,-1.0,49.99,0.63,235.6086956521739,250.0,7.98,174.6,3210.0,8191.773684210528,4.475387964126438,4.48301053134874,878.0
2022-06-17 10:19:32,12.39,8.69,7.49,3.39,5.49,4.59,5.99,14.99,1.07,253419.0,78.99,15.16,-1.0,122107.76041666667,121130.0,3999.0,18.6,11492.0,11408.0,7.71,-1.0,-1.0,49.99,0.63,238.04761904761904,210.0,7.98,155.2,3210.0,8269.119507908614,4.638419254284876,4.473870176696388,736.0
2022-06-20 09:53:56,12.39,8.69,7.49,3.29,5.49,4.59,5.99,14.99,1.07,253419.0,78.99,15.16,-1.0,125083.19375,117850.0,3999.0,18.6,11508.0,11421.0,7.71,-1.0,-1.0,49.99,0.63,-1.0,-1.0,7.98,155.2,3210.0,8197.48336252189,4.604444335144972,4.450748326487145,736.0
2022-06-21 08:52:19,12.39,8.69,7.49,3.29,5.49,4.59,5.99,14.99,1.07,253419.0,78.99,15.16,-1.0,127052.6015625,122630.0,3999.0,18.6,11510.0,11422.0,7.71,-1.0,-1.0,49.99,0.63,247.03703703703704,250.0,7.98,155.2,3210.0,8097.1570680628265,4.562191305066063,4.412048981020187,736.0
2022-06-22 09:52:00,12.39,8.69,7.49,3.29,5.49,4.59,5.99,14.99,1.07,253419.0,78.99,15.16,-1.0,123199.359375,121130.0,3999.0,18.6,11500.0,11428.0,7.71,-1.0,-1.0,49.99,0.63,252.8095238095238,250.0,7.98,155.2,3210.0,8099.614982578398,4.581153452385528,4.433020487985346,878.0
2022-06-28 10:42:34,12.39,8.69,7.49,3.29,5.69,4.59,5.99,14.99,1.07,253419.0,78.99,15.16,-1.0,-1.0,-1.0,3999.0,18.6,11462.0,11391.0,7.71,-1.0,-1.0,49.99,0.63,242.33333333333334,250.0,7.98,155.2,3210.0,8094.967184801382,4.638017807983312,4.42550085639882,878.0
2022-06-29 11:04:41,12.39,8.69,7.49,3.29,5.69,4.59,5.99,14.99,1.07,253419.0,78.99,15.16,-1.0,120537.88541666667,121130.0,3999.0,18.6,11465.0,11396.0,7.76,-1.0,-1.0,49.99,0.63,256.7894736842105,250.0,7.98,155.2,3210.0,8101.446366782006,4.660976442471832,4.454731915217473,878.0
2022-06-30 11:04:59,12.39,8.69,7.49,3.29,5.69,4.59,6.49,14.99,1.07,253419.0,78.99,15.16,-1.0,119047.171875,120950.0,3699.0,18.6,11457.0,11422.0,7.76,-1.0,-1.0,49.99,0.63,239.5,250.0,7.98,155.2,3210.0,8117.403478260869,4.6822889863298425,4.4724500365556965,878.0
2022-07-01 10:33:26,12.39,8.69,7.49,3.29,5.69,4.59,6.49,15.0,1.07,253419.0,78.99,15.16,-1.0,142175.96354166666,129949.5,3699.0,18.6,11495.0,11434.0,7.76,-1.0,-1.0,49.99,0.63,238.2173913043478,250.0,6.31,155.2,3210.0,8103.572164948453,4.709657221945944,4.513431833123913,878.0
2022-07-04 08:50:30,12.39,8.69,7.49,3.29,5.69,4.59,6.49,15.0,1.07,253419.0,78.99,15.16,-1.0,112317.25,116850.0,3699.0,18.6,11477.0,11420.0,7.76,-1.0,-1.0,49.99,0.63,245.23809523809524,250.0,6.31,155.2,3210.0,8140.909722222222,4.687111045362132,4.494799864269268,878.0
2022-07-05 10:52:46,12.39,8.69,7.49,3.29,5.69,4.59,6.49,15.0,1.07,253419.0,78.99,15.16,-1.0,119585.671875,121130.0,3699.0,18.6,11472.0,11430.0,7.76,-1.0,-1.0,49.99,0.63,246.13636363636363,250.0,7.98,155.2,3210.0,8226.108013937283,4.749012086290704,4.566700839490889,878.0
2022-07-06 08:58:34,12.39,8.69,7.49,3.29,5.69,4.59,6.49,15.0,1.07,253419.0,78.99,15.16,-1.0,119957.5,121130.0,3699.0,-1.0,11451.0,11454.0,7.63,-1.0,-1.0,49.99,0.63,245.04761904761904,250.0,7.98,155.2,3210.0,8163.635111876075,4.78012273129023,4.62764917429474,878.0
2022-07-07 10:34:59,-1.0,-1.0,-1.0,-1.0,-1.0,-1.0,-1.0,-1.0,-1.0,253419.0,78.99,15.16,-1.0,123096.83125,126250.0,3699.0,-1.0,11431.0,11462.0,7.63,-1.0,-1.0,49.99,0.63,232.875,240.0,7.98,155.2,3210.0,8300.084922010397,4.838081354822677,4.699349137334671,878.0
2022-07-08 11:11:53,12.39,8.69,7.49,3.29,5.69,4.59,6.49,15.0,1.07,253419.0,78.99,15.16,-1.0,120971.265625,121515.0,3699.0,-1.0,11416.0,11469.0,7.63,-1.0,-1.0,49.99,0.63,251.2608695652174,250.0,6.32,155.2,3210.0,8376.286713286712,4.8530689515112035,4.742150005295189,878.0
2022-07-11 12:48:57,12.39,8.69,7.49,3.29,5.69,4.95,6.49,15.0,1.07,253419.0,78.99,15.16,-1.0,127426.55,129000.0,3699.0,-1.0,11392.0,11482.0,7.63,-1.0,-1.0,49.99,0.63,256.1904761904762,250.0,7.99,155.2,3210.0,8275.54939341421,4.799604371215594,4.687849564446505,878.0
2022-07-13 09:30:34,12.39,8.69,7.49,3.29,5.69,4.95,6.49,15.0,1.07,253419.0,78.99,15.16,-1.0,126826.25,128950.0,3699.0,-1.0,11422.0,11444.0,7.63,-1.0,-1.0,49.99,0.63,245.64,250.0,7.99,155.2,3210.0,8316.6107266436,4.878505251470807,4.796448812612253,878.0
2022-07-18 09:57:40,12.99,8.69,7.49,3.29,5.69,4.95,6.49,15.0,1.07,253419.0,78.99,15.16,-1.0,122148.58333333333,122500.0,3699.0,-1.0,11408.0,11453.0,7.46,-1.0,-1.0,49.99,0.63,245.0,250.0,7.98,174.6,3210.0,8099.633898305085,4.834379362670713,4.714390145009317,699.0
2022-07-19 09:25:01,12.99,8.69,7.49,3.29,5.69,4.95,6.49,15.0,1.07,253419.0,78.99,15.16,-1.0,120155.2578125,121400.0,3999.0,-1.0,11399.0,11474.0,7.46,-1.0,-1.0,49.99,0.63,234.04761904761904,250.0,7.98,174.6,3210.0,8006.275167785236,4.814939638436049,4.688403625555747,699.0
2022-07-21 12:56:49,12.99,8.69,7.49,3.29,5.69,4.95,6.49,15.0,1.07,253419.0,78.99,15.16,-1.0,137635.46354166666,131900.0,3999.0,-1.0,11409.0,11478.0,7.46,-1.0,-1.0,49.99,0.63,236.47826086956522,250.0,7.98,174.6,3210.0,7878.117355371902,4.8088772703700196,4.673817562432645,699.0
2022-07-29 17:09:06,12.99,8.99,7.49,3.29,5.69,4.95,7.39,15.0,1.07,253419.0,78.99,15.16,-1.0,120394.10416666667,121673.5,3999.0,-1.0,11394.0,11519.0,7.24,-1.0,-1.0,49.99,0.63,232.38095238095238,250.0,8.19,174.6,3210.0,8202.070934256055,4.877809799456946,4.662550084482219,699.0
2022-08-01 08:18:45,12.99,8.99,7.99,3.29,5.69,4.95,7.39,15.0,1.07,253419.0,78.99,15.16,-1.0,120300.875,121673.5,3999.0,-1.0,11431.0,11564.0,7.24,-1.0,-1.0,49.99,0.63,238.75,250.0,8.28,174.6,3210.0,8156.672977624785,4.875155980441879,4.6359285842156295,699.0
2022-08-16 15:12:56,12.99,9.99,7.99,3.29,5.69,4.95,7.39,15.0,1.07,253419.0,78.99,15.16,-1.0,-1.0,-1.0,3799.0,-1.0,11421.0,11479.0,6.96,-1.0,-1.0,49.99,0.63,237.5,250.0,8.28,174.6,3210.0,8232.066549912435,4.88026479312518,4.638909915235587,699.0
2022-08-19 15:47:31,12.99,9.99,7.99,3.29,5.69,4.95,7.39,15.0,1.07,253419.0,78.99,15.16,-1.0,-1.0,-1.0,3799.0,-1.0,11416.0,11446.0,6.96,-1.0,-1.0,49.99,0.63,242.69230769230768,250.0,6.53,174.6,3210.0,8295.656195462478,4.937659774484904,4.722750901149736,699.0
2022-08-23 08:51:29,12.99,9.99,7.99,3.29,5.69,4.95,7.39,15.0,1.07,253419.0,78.99,15.16,-1.0,-1.0,-1.0,3799.0,-1.0,11403.0,11455.0,6.44,-1.0,-1.0,49.99,0.63,248.16666666666666,250.0,6.53,174.6,3210.0,8351.75656742557,4.990130350115156,4.81198765736058,699.0
2022-08-25 13:31:14,12.29,9.99,7.99,3.29,5.69,4.95,7.39,15.0,1.07,253419.0,78.99,15.16,-1.0,-1.0,-1.0,3799.0,-1.0,11424.0,11480.0,6.44,-1.0,-1.0,40.0,0.63,230.3913043478261,250.0,8.28,155.2,3210.0,8404.371024734983,4.94629226218019,4.766220558515248,699.0
2022-09-13 15:19:55,13.39,9.99,7.99,3.29,5.69,4.95,7.39,15.0,1.07,253419.0,78.99,15.16,-1.0,-1.0,-1.0,3699.0,-1.0,11443.0,11968.0,6.49,-1.0,-1.0,40.0,0.63,255.16,250.0,8.28,174.6,3210.0,8014.499148211245,4.865510750742055,4.627240707426682,888.0
2022-09-15 09:35:53,13.39,9.99,7.99,3.29,5.69,4.95,7.39,15.0,1.07,253419.0,78.99,15.16,-1.0,-1.0,-1.0,-1.0,-1.0,11455.0,11971.0,6.49,-1.0,-1.0,40.0,0.63,229.5,210.0,8.28,174.6,3210.0,7982.544839255499,4.914842923891925,4.731248489419165,888.0
2022-09-19 09:01:15,13.39,9.99,7.99,3.29,5.69,4.95,7.39,15.0,1.07,-1.0,78.99,15.16,-1.0,-1.0,-1.0,3499.0,-1.0,11460.0,11859.0,6.26,-1.0,-1.0,40.0,0.63,259.1666666666667,250.0,8.28,174.6,3210.0,7853.300500834724,4.870160512181284,4.713388809009704,888.0
2022-09-23 09:39:40,13.39,9.99,7.99,3.29,5.69,4.95,7.39,15.0,1.07,-1.0,78.99,15.16,-1.0,-1.0,-1.0,3699.0,-1.0,11479.0,12004.0,6.26,-1.0,-1.0,40.0,0.63,260.0,255.0,8.28,174.6,3210.0,8122.153583617747,4.962276091509905,4.8612700468397945,888.0
2022-09-28 11:17:46,13.39,9.99,7.99,3.29,5.69,4.95,7.39,15.0,1.07,-1.0,78.99,15.16,-1.0,-1.0,-1.0,-1.0,-1.0,11461.0,11988.0,6.26,-1.0,-1.0,40.0,0.63,234.6086956521739,250.0,8.28,174.6,3210.0,8165.205084745763,5.074381880213321,5.042640004103221,888.0
2022-10-03 12:30:37,13.39,9.99,7.99,3.49,5.69,4.95,7.39,15.0,1.07,-1.0,78.99,15.16,-1.0,-1.0,-1.0,129.99,-1.0,11547.0,12001.0,6.32,-1.0,-1.0,40.0,0.63,271.7391304347826,300.0,8.28,174.6,3210.0,8220.792517006803,4.99805716022793,4.951650524223908,878.0
2022-10-06 11:16:30,13.39,9.99,7.99,3.49,5.39,4.95,7.39,15.0,1.0,-1.0,78.99,16.39,-1.0,-1.0,-1.0,-1.0,-1.0,11497.0,12030.0,6.32,-1.0,-1.0,40.0,0.63,252.8095238095238,250.0,-1.0,174.6,3210.0,8404.149305555555,4.988890194308234,4.89449731908229,878.0
2022-10-07 14:44:43,13.39,9.99,7.99,3.49,5.39,4.95,7.39,15.0,1.0,-1.0,78.99,16.39,-1.0,-1.0,-1.0,3699.0,-1.0,11504.0,12047.0,6.32,-1.0,-1.0,40.0,0.63,255.83333333333334,250.0,-1.0,174.6,3210.0,8481.287958115183,5.008995990558745,4.9624916522176,878.0
2022-10-12 09:40:28,13.39,9.99,7.99,3.49,5.69,4.95,7.39,15.0,1.15,-1.0,78.99,16.39,-1.0,-1.0,-1.0,3699.0,-1.0,11500.0,11981.0,6.58,-1.0,-1.0,40.0,0.63,241.8181818181818,250.0,-1.0,174.6,3210.0,8343.750859106529,5.024078223965867,4.997348023315166,699.0
2022-10-13 12:18:17,13.39,9.99,7.99,3.49,5.69,4.95,7.39,15.0,1.15,-1.0,78.99,16.39,-1.0,-1.0,-1.0,3699.0,-1.0,11494.0,11999.0,6.58,-1.0,-1.0,40.0,0.63,251.6,250.0,-1.0,174.6,3210.0,8347.755593803786,4.993704902639122,4.983642504621385,699.0
2022-10-24 13:29:38,13.39,9.99,7.99,3.49,5.69,4.95,7.39,15.0,1.15,-1.0,78.99,16.39,-1.0,-1.0,-1.0,3599.0,-1.0,11558.0,11951.0,6.58,-1.0,89.0,40.0,0.63,255.41666666666666,255.0,-1.0,174.6,3210.0,8038.944630872483,4.866861495079515,4.879008762684507,699.0
2022-10-26 10:20:33,13.99,9.99,7.99,3.49,5.49,4.95,7.39,15.0,1.15,-1.0,78.99,16.39,-1.0,-1.0,-1.0,-1.0,-1.0,11547.0,11920.0,6.58,-1.0,89.0,40.0,0.63,239.0909090909091,250.0,-1.0,174.6,3210.0,7933.681666666667,4.802020189792524,4.745691928391052,699.0
2022-10-27 11:16:24,13.99,9.99,8.49,3.49,5.49,4.95,7.39,15.0,1.15,-1.0,78.99,16.39,-1.0,-1.0,-1.0,3599.0,-1.0,11577.0,11838.0,6.81,-1.0,89.0,40.0,0.63,237.7826086956522,250.0,-1.0,174.6,3210.0,7857.849586776861,4.783195626101725,4.723550990316421,699.0
2022-10-31 17:04:17,13.99,9.99,8.49,3.49,5.49,4.95,7.39,15.0,1.15,-1.0,78.99,16.39,-1.0,-1.0,-1.0,3599.0,-1.0,11632.0,11864.0,6.71,-1.0,89.0,40.0,0.63,245.375,250.0,-1.0,174.6,3210.0,7805.253731343283,4.750519809275416,4.759070060911981,699.0
2022-11-02 13:01:02,13.99,9.99,8.49,3.49,5.49,4.95,7.39,15.0,1.15,-1.0,78.99,16.39,-1.0,-1.0,-1.0,3599.0,-1.0,11619.0,11965.0,6.71,-1.0,89.0,40.0,0.63,230.76,219.0,-1.0,174.6,3210.0,7863.429765886288,4.76852286590158,4.754550225122521,699.0
2022-11-04 17:01:52,13.99,9.99,8.49,3.49,5.49,4.95,7.39,15.0,1.15,-1.0,78.99,16.39,-1.0,-1.0,-1.0,3999.0,-1.0,11600.0,11902.0,6.71,-1.0,89.0,40.0,0.63,247.08333333333334,250.0,-1.0,174.6,3210.0,7909.697635135135,4.743903390354232,4.733511451307681,699.0
2022-11-07 11:22:24,13.39,9.99,8.49,3.49,5.69,4.95,7.39,15.0,1.15,-1.0,78.99,16.39,-1.0,-1.0,-1.0,-1.0,-1.0,11633.0,11891.0,6.71,-1.0,89.0,40.0,0.63,248.80769230769232,270.0,-1.0,174.6,3210.0,7872.21512605042,4.730344295472816,4.689050931209431,699.0
2022-11-09 16:20:56,13.39,9.99,8.49,3.49,5.69,4.95,7.39,15.0,1.15,-1.0,78.99,16.39,-1.0,-1.0,-1.0,-1.0,-1.0,11668.0,11861.0,6.71,-1.0,89.0,50.0,0.63,240.37037037037038,250.0,-1.0,174.6,3210.0,8031.819112627986,4.76985129957061,4.6957518556947875,699.0
2022-11-18 12:53:39,13.39,9.99,8.49,3.49,5.69,4.95,7.39,15.0,1.15,-1.0,78.99,16.39,-1.0,-1.0,-1.0,-1.0,-1.0,11670.0,11923.0,6.71,-1.0,89.0,50.0,0.63,-1.0,-1.0,-1.0,174.6,3210.0,7988.096774193549,4.763527995537157,4.536949465689783,699.0
2022-11-22 10:54:10,13.39,9.99,8.49,3.49,5.69,4.95,7.39,15.0,1.15,-1.0,78.99,16.39,-1.0,-1.0,-1.0,3499.0,-1.0,11684.0,11979.0,6.54,-1.0,89.0,50.0,0.63,-1.0,-1.0,-1.0,174.6,3210.0,8004.988095238096,4.795774726814234,4.583588629967573,699.0
2022-11-23 09:35:42,13.39,9.99,8.49,3.49,5.69,4.95,7.39,15.0,1.15,-1.0,78.99,16.39,-1.0,-1.0,-1.0,3499.0,-1.0,11692.0,11985.0,6.54,-1.0,89.0,50.0,0.63,-1.0,-1.0,-1.0,174.6,3210.0,7943.591905564924,4.791088192516197,4.562050688053181,878.0
2022-11-28 11:04:27,13.39,9.99,8.49,3.49,5.69,4.95,7.39,15.0,1.15,-1.0,78.99,16.39,-1.0,-1.0,-1.0,3999.0,-1.0,11739.0,11993.0,6.54,-1.0,89.0,50.0,0.74,-1.0,-1.0,-1.0,174.6,3210.0,7879.833333333334,4.761373901367188,4.482142754543314,878.0
2022-12-01 08:20:57,13.39,9.99,8.49,3.49,5.69,4.95,7.39,15.0,1.15,-1.0,78.99,16.39,-1.0,-1.0,-1.0,3699.0,-1.0,11789.0,12005.0,6.54,-1.0,95.0,50.0,0.74,-1.0,-1.0,-1.0,174.6,3210.0,7945.7874149659865,4.743455077454764,4.466127342456534,878.0
2022-12-20 10:02:32,13.39,9.99,8.49,3.49,5.69,4.95,7.39,15.0,1.15,-1.0,85.31,16.39,-1.0,-1.0,-1.0,3699.0,-1.0,11902.0,11864.0,6.39,-1.0,95.0,50.0,0.74,-1.0,-1.0,-1.0,174.6,3210.0,7959.310696095076,4.763574768681756,4.410453300618945,599.0
2022-12-23 12:29:41,13.39,9.99,8.49,3.49,5.69,4.95,7.39,15.0,1.15,-1.0,85.31,16.39,-1.0,-1.0,-1.0,3699.0,-1.0,11892.0,11880.0,6.39,-1.0,95.0,50.0,0.74,-1.0,-1.0,-1.0,183.9,3210.0,7858.910321489001,4.699629867225744,4.37206990618805,599.0
2022-12-23 12:41:57,13.39,9.99,8.49,3.49,5.69,4.95,7.39,15.0,1.15,-1.0,85.31,16.39,-1.0,-1.0,-1.0,6399.0,-1.0,11892.0,11888.0,6.39,-1.0,95.0,50.0,0.74,-1.0,-1.0,7.49,183.9,3210.0,7857.175972927241,4.700680767926467,4.374448671064109,599.0
2022-12-23 12:57:19,13.39,9.99,8.49,3.49,5.69,4.95,7.39,15.0,1.15,-1.0,85.31,16.39,699.0,-1.0,-1.0,6399.0,-1.0,11892.0,11888.0,6.39,-1.0,95.0,50.0,0.74,-1.0,-1.0,7.49,183.9,3210.0,7870.622033898304,4.702938129242847,4.375451804390842,599.0
2022-12-23 13:00:53,13.39,9.99,8.49,3.49,5.69,4.95,7.39,15.0,1.15,211379.0,85.31,16.39,699.0,-1.0,-1.0,6399.0,-1.0,11892.0,11888.0,6.39,-1.0,95.0,50.0,0.74,-1.0,-1.0,7.49,183.9,3210.0,7854.4839255499155,4.700802336426357,4.373040516097914,599.0
2022-12-27 13:45:30,13.39,9.99,8.49,3.49,5.69,4.95,7.39,15.0,1.15,211379.0,85.31,16.39,699.0,-1.0,-1.0,5799.0,-1.0,11909.0,11925.0,6.39,-1.0,95.0,50.0,0.74,-1.0,-1.0,5.93,183.9,3210.0,7937.852040816327,4.718745039837999,4.384280694239749,599.0
2022-12-27 14:56:10,13.39,9.99,8.49,3.49,5.69,4.95,7.39,15.0,1.15,211379.0,85.31,16.39,699.0,-1.0,-1.0,5799.0,21.7,11911.0,11930.0,6.39,-1.0,95.0,50.0,0.74,-1.0,-1.0,5.93,183.9,3210.0,7939.0544217687075,4.719173546868097,4.392462317704633,599.0
2022-12-27 18:06:06,13.39,9.99,8.49,3.49,5.69,4.95,7.39,15.0,1.15,211379.0,85.31,16.39,699.0,-1.0,-1.0,5799.0,21.7,11919.0,11930.0,6.39,-1.0,95.0,50.0,0.74,253.33333333333334,250.0,5.93,183.9,3210.0,8021.547008547009,4.741829936571549,4.405229831915024,599.0
2022-12-27 18:12:48,13.39,9.99,8.49,3.49,5.69,4.95,7.39,15.0,1.15,211379.0,85.31,16.39,699.0,133510.76953125,119900.0,5799.0,21.7,11919.0,11930.0,6.39,-1.0,95.0,50.0,0.74,250.3846153846154,250.0,5.93,183.9,3210.0,8018.905982905983,4.74109275180985,4.405607474880094,599.0
2022-12-28 09:11:06,13.39,9.99,8.49,3.49,5.69,4.95,7.39,15.0,1.15,211379.0,85.31,16.39,699.0,132478.81640625,119900.0,5799.0,21.7,11919.0,11930.0,6.39,-1.0,95.0,50.0,0.74,253.13636363636363,250.0,5.93,183.6,3210.0,7971.779286926994,4.748643534526787,4.4100893217744135,599.0
2022-12-29 09:04:50,13.39,9.99,8.49,3.49,5.69,4.95,7.39,15.0,1.15,211379.0,85.31,16.39,699.0,131301.41015625,119895.0,5799.0,21.7,11914.0,11940.0,6.39,-1.0,95.0,50.0,0.74,235.95,250.0,7.79,183.6,3210.0,7979.688775510204,4.763978787758795,4.416398645729502,549.0
2023-01-09 10:05:37,-1.0,-1.0,-1.0,3.49,-1.0,-1.0,-1.0,15.0,1.15,203529.0,85.31,16.39,699.0,-1.0,-1.0,159.99,21.7,12006.0,11961.0,6.39,-1.0,95.0,50.0,0.74,264.5,270.0,6.16,183.6,3210.0,8234.926315789475,4.760589578222159,4.391549796510268,599.0
2023-01-10 14:23:42,-1.0,-1.0,-1.0,3.49,-1.0,-1.0,-1.0,15.0,1.15,203529.0,85.31,16.39,699.0,148873.640625,129935.0,159.99,21.7,12001.0,11977.0,6.39,-1.0,95.0,50.0,0.74,243.68421052631578,250.0,6.17,183.6,3210.0,8207.723776223775,4.738397037554387,4.380029649145558,599.0
2023-01-11 12:45:10,13.39,9.99,8.49,3.49,5.99,4.95,7.39,15.0,1.15,203529.0,85.31,16.39,699.0,146521.84895833334,129200.0,159.99,21.7,12031.0,11997.0,6.39,-1.0,95.0,50.0,0.74,239.47619047619048,250.0,7.79,183.6,3210.0,8198.255691768827,4.7082387066536056,4.353381326007646,599.0
2023-01-13 15:10:07,13.39,9.99,8.49,3.49,5.99,4.95,7.39,15.0,1.15,203529.0,85.31,16.39,699.0,147697.58333333334,129400.0,159.99,21.7,12043.0,12022.0,6.39,-1.0,95.0,50.0,0.74,248.1818181818182,265.0,5.99,183.6,3210.0,8248.922535211266,4.662179669604708,4.33894895929412,599.0
2023-01-16 13:18:45,13.39,9.99,8.49,3.49,5.99,4.95,7.39,15.0,1.15,203529.0,85.31,16.39,699.0,130922.19375,123090.0,-1.0,21.7,12063.0,12009.0,6.39,-1.0,95.0,50.0,0.74,266.3636363636364,285.0,7.59,183.6,3210.0,8301.800000000001,4.678539937759337,4.332608848262714,599.0
2023-01-17 14:51:28,13.39,10.79,8.49,3.49,5.99,4.95,7.39,15.0,1.15,203529.0,85.31,16.39,699.0,147850.08854166666,129900.0,5999.0,21.7,12049.0,12014.0,6.39,-1.0,95.0,50.0,0.74,245.2173913043478,250.0,7.55,183.6,3210.0,8279.040564373898,4.699949938925489,4.327268000800148,599.0
2023-01-19 08:32:00,13.39,11.39,8.49,3.49,5.99,5.19,7.39,15.0,1.15,203529.0,85.31,16.39,699.0,145634.43229166666,129400.0,-1.0,21.7,12042.0,12003.0,6.39,-1.0,95.0,50.0,0.74,246.08695652173913,250.0,5.99,183.6,3210.0,8338.401060070672,4.766470434367214,4.369349143541706,599.0
2023-01-20 12:12:16,13.39,11.39,8.49,3.49,5.99,5.19,7.39,15.0,1.15,203529.0,85.31,16.39,699.0,140579.15625,122875.0,159.99,21.7,12037.0,11992.0,6.39,-1.0,95.0,50.0,0.74,254.54545454545453,265.0,5.99,183.6,3210.0,8403.96613190731,4.732627916594726,4.349951191787672,599.0
2023-01-23 11:26:20,-1.0,-1.0,-1.0,3.49,-1.0,-1.0,-1.0,15.0,1.15,203529.0,85.31,16.39,699.0,-1.0,-1.0,159.99,21.7,12056.0,11978.0,6.39,-1.0,95.0,50.0,0.74,248.2608695652174,250.0,6.29,183.6,3210.0,8333.95406360424,4.7126305409663605,4.325015862304197,599.0
2023-01-31 15:04:53,-1.0,-1.0,-1.0,3.49,-1.0,-1.0,-1.0,15.0,1.15,214219.0,85.31,16.39,699.0,-1.0,-1.0,159.99,21.7,12052.0,11954.0,6.51,-1.0,95.0,50.0,0.74,233.45,209.5,7.79,183.6,3210.0,8319.932862190813,4.697657297452595,4.336862133654809,599.0
2023-01-31 16:24:13,13.69,11.39,8.49,3.49,5.99,5.19,7.39,15.0,1.15,214219.0,85.31,16.39,699.0,-1.0,-1.0,159.99,21.7,12052.0,11946.0,6.51,-1.0,95.0,50.0,0.74,234.71428571428572,219.0,7.79,183.6,3210.0,8349.101063829787,4.708742320245752,4.34273127022012,599.0
2023-02-01 15:34:27,13.69,11.39,8.49,3.49,5.99,5.19,7.39,15.0,1.15,214219.0,85.31,16.39,699.0,-1.0,-1.0,159.99,21.7,12090.0,11951.0,6.51,-1.0,95.0,50.0,0.74,240.9090909090909,250.0,7.85,183.6,3210.0,8323.608849557522,4.70823463689388,4.312833756255565,599.0
2023-02-02 13:55:33,13.69,11.39,8.49,3.49,5.99,5.19,7.39,15.0,1.15,214219.0,85.31,16.39,699.0,-1.0,-1.0,159.99,21.7,12079.0,11947.0,6.51,-1.0,95.0,50.0,0.74,235.65217391304347,250.0,7.85,183.6,3210.0,8373.334519572954,4.712326435133354,4.281504099251845,599.0
2023-02-03 13:04:11,13.69,11.39,8.49,3.49,5.99,5.19,7.39,15.0,1.15,214219.0,85.31,16.39,699.0,-1.0,-1.0,-1.0,21.7,12080.0,11862.0,6.51,-1.0,95.0,50.0,0.74,228.42307692307693,214.5,7.85,183.6,3210.0,8210.742556917688,4.697188199756542,4.290246333006646,599.0
2023-02-03 16:59:33,13.69,11.39,8.49,3.49,5.99,5.19,7.39,15.0,1.15,214219.0,85.31,16.39,699.0,-1.0,-1.0,-1.0,21.7,12081.0,11901.0,6.51,-1.0,95.0,50.0,0.74,225.96,219.0,7.85,183.6,3210.0,8115.693103448276,4.698128574422852,4.335146435807699,599.0
2023-02-06 09:02:20,13.39,11.39,8.99,3.49,5.99,5.19,7.39,15.0,1.15,214219.0,85.31,16.39,699.0,-1.0,-1.0,-1.0,21.7,12093.0,11773.0,6.51,-1.0,95.0,50.0,0.74,254.58333333333334,250.0,7.99,183.6,3210.0,8216.674216027874,4.723654875818512,4.374479203380587,579.0
2023-02-07 10:33:00,13.39,11.75,8.99,3.49,5.69,5.19,7.39,15.0,1.15,215689.0,85.31,16.39,699.0,-1.0,-1.0,-1.0,21.7,12112.0,11785.0,6.51,-1.0,95.0,50.0,0.74,241.95833333333334,250.0,7.99,183.6,3210.0,8296.012237762237,4.783269459894806,4.426194782384837,579.0
2023-02-08 10:48:11,13.39,11.75,8.49,3.49,5.69,5.19,7.39,15.0,1.15,215689.0,85.31,16.39,699.0,-1.0,-1.0,159.99,21.7,12104.0,11798.0,6.51,-1.0,95.0,50.0,0.74,238.68,250.0,7.99,183.6,3210.0,8318.863157894737,4.80167206570797,4.4088978480626615,579.0
2023-02-10 09:00:59,14.49,11.75,7.99,3.49,5.69,5.19,7.39,15.0,1.15,215689.0,85.31,16.39,699.0,-1.0,-1.0,-1.0,21.7,12114.0,11721.0,6.51,-1.0,95.0,50.0,0.74,253.0,280.0,7.99,183.6,3210.0,8268.549565217392,4.805532448656358,4.4250300389878605,579.0
2023-02-13 11:43:52,14.49,11.75,7.99,3.49,5.69,5.19,7.39,15.0,1.15,215689.0,85.31,17.16,699.0,-1.0,-1.0,159.99,21.7,12108.0,11701.0,6.51,-1.0,95.0,50.0,0.74,254.58333333333334,250.0,7.99,183.6,3210.0,8324.273043478262,4.855403733008724,4.481415977259875,579.0
2023-02-14 13:20:05,14.49,11.75,7.99,3.49,5.69,5.19,7.39,15.0,1.15,218869.0,85.31,17.16,699.0,-1.0,-1.0,159.99,21.7,12090.0,11680.0,6.51,-1.0,95.0,50.0,0.74,236.0,250.0,7.99,183.6,3210.0,8233.974093264249,4.828694011370162,4.434238013300469,579.0
2023-02-14 13:57:38,14.49,11.75,7.99,3.49,5.69,5.19,7.39,15.0,1.15,218869.0,85.31,17.16,699.0,132892.96354166666,124445.0,159.99,21.7,12087.0,11688.0,6.51,-1.0,95.0,50.0,0.74,232.95652173913044,220.0,7.99,183.6,3210.0,8241.551903114187,4.82695632084209,4.427770599990705,579.0
2023-02-15 17:20:30,14.49,11.75,5.99,3.49,5.69,5.19,7.39,15.0,1.15,218869.0,85.31,17.16,699.0,133510.984375,124445.0,-1.0,21.7,12069.0,11487.0,6.51,-1.0,95.0,50.0,0.74,250.79166666666666,250.0,7.99,183.6,3210.0,8182.317869415806,4.822584205942519,4.461380710450652,579.0
2023-02-16 10:22:49,14.49,11.75,7.99,3.49,5.69,5.19,7.39,15.0,1.15,218869.0,85.31,17.16,699.0,136578.74375,129935.0,6899.0,21.7,12067.0,11490.0,6.51,-1.0,95.0,50.0,0.74,240.9047619047619,250.0,7.99,183.6,3210.0,8187.898625429552,4.827041766737134,4.4525643541228686,579.0
2023-02-17 09:03:32,14.49,11.75,7.99,3.49,5.69,5.19,7.39,15.0,1.15,218869.0,85.31,17.16,699.0,135660.0,124850.0,6899.0,21.7,12087.0,11481.0,6.51,-1.0,95.0,50.0,0.74,249.0,250.0,7.99,183.6,3210.0,8187.433219178082,4.837542631729642,4.496491363355953,579.0
2023-02-20 08:22:25,14.49,11.75,7.99,3.49,5.69,5.19,7.39,15.0,1.15,217829.0,85.31,17.16,699.0,138526.140625,125500.0,-1.0,21.7,12077.0,11466.0,6.51,-1.0,95.0,50.0,0.74,253.84615384615384,265.0,5.92,183.6,3210.0,8190.5258620689665,4.8080915120397,4.442389732905164,579.0
2023-02-21 09:28:34,14.49,11.75,7.99,3.49,5.69,5.19,7.39,15.99,1.15,217829.0,85.31,17.16,699.0,134975.921875,124900.0,-1.0,21.7,12076.0,11660.0,6.51,-1.0,95.0,50.0,0.74,259.54545454545456,290.0,7.59,183.6,3210.0,8146.150943396227,4.807774306603038,4.447250998925926,579.0
2023-02-23 10:28:29,14.49,11.75,7.99,3.49,5.69,5.19,7.39,15.99,1.15,217829.0,85.31,17.16,699.0,135109.625,124950.0,6899.0,21.7,12103.0,11683.0,6.51,-1.0,95.0,50.0,0.74,266.6666666666667,250.0,5.93,183.6,3210.0,8201.541379310345,4.814168158582658,4.49027070601806,579.0
2023-02-27 13:50:23,14.49,11.39,7.99,3.49,5.99,5.19,7.39,15.99,1.15,217829.0,85.31,17.16,699.0,-1.0,-1.0,-1.0,21.7,12106.0,11700.0,6.51,-1.0,95.0,50.0,0.74,263.4347826086956,290.0,7.59,183.6,3210.0,8092.569468267582,4.75016461576566,4.4681493042500735,579.0
2023-03-02 13:42:26,14.49,11.39,7.99,3.49,5.99,5.19,7.39,15.99,1.15,217829.0,85.31,17.16,699.0,133930.49479166666,124839.0,6899.0,21.7,12166.0,11740.0,6.63,-1.0,95.0,50.0,0.74,243.91304347826087,250.0,7.59,183.6,3210.0,8082.103448275861,4.691405964613443,4.414985797059954,599.0
2023-03-07 04:09:24,-1.0,-1.0,-1.0,-1.0,-1.0,-1.0,-1.0,-1.0,-1.0,218869.0,85.31,17.16,699.0,134911.4375,124839.0,-1.0,21.7,12210.0,11713.0,6.63,-1.0,95.0,50.0,0.74,243.0,250.0,5.95,183.6,3210.0,8105.3010380622845,4.711322788781798,4.383863545127968,599.0
2023-03-13 14:47:03,14.49,11.39,7.99,3.49,5.99,5.19,7.39,15.99,1.15,198059.0,85.31,17.16,699.0,-1.0,-1.0,-1.0,21.7,12167.0,11724.0,6.63,-1.0,95.0,50.0,0.75,254.34782608695653,250.0,5.95,183.6,3210.0,8370.030303030302,4.817973154059417,4.386476394925962,688.0
2023-03-14 11:00:36,14.49,11.39,7.99,3.49,5.99,5.19,7.39,15.99,1.15,226719.0,85.31,17.16,699.0,-1.0,-1.0,7499.0,21.7,12155.0,11716.0,6.63,-1.0,95.0,50.0,0.75,267.22727272727275,290.0,5.95,183.6,3210.0,8328.561278863232,4.800588891129879,4.376788082839165,688.0
2023-03-14 11:25:49,14.49,11.39,7.99,3.49,5.99,5.19,7.39,15.99,1.15,226719.0,85.31,17.16,699.0,-1.0,-1.0,-1.0,21.7,12155.0,11718.0,6.63,-1.0,95.0,50.0,0.75,263.2916666666667,290.0,5.95,183.6,3210.0,8343.530249110321,4.803729011504615,4.378791585812498,688.0
2023-03-14 11:58:21,14.49,11.39,7.99,3.49,5.99,5.19,7.39,15.99,1.15,226719.0,85.31,17.16,699.0,127050.66145833333,122350.0,7499.0,21.7,12155.0,11718.0,6.63,-1.0,95.0,50.0,0.75,263.96,290.0,5.95,183.6,3210.0,8312.373001776197,4.797299084284193,4.3665038511240795,688.0
2023-03-15 11:44:43,14.49,11.39,7.99,3.49,5.99,5.19,7.39,15.99,1.15,198059.0,85.31,17.16,699.0,114488.45625,117250.0,7499.0,21.7,12152.0,11712.0,6.63,-1.0,95.0,50.0,0.75,259.5217391304348,250.0,7.24,183.6,3210.0,8458.543985637343,4.81700251206702,4.429239846348521,688.0
2023-03-16 11:52:31,14.49,11.39,7.99,3.49,5.99,5.19,7.39,15.99,1.15,198059.0,85.31,17.16,699.0,125415.77604166667,122825.0,7499.0,21.7,12127.0,11716.0,6.63,-1.0,95.0,50.0,0.75,251.8181818181818,265.0,5.95,183.6,3210.0,8517.896739130436,4.768180550555473,4.433121037124337,688.0
2023-03-17 09:15:07,14.49,11.39,7.99,3.49,5.99,5.19,7.39,15.99,1.15,198059.0,85.31,17.16,699.0,135853.671875,122875.0,7499.0,21.7,12157.0,11738.0,6.64,-1.0,95.0,50.0,0.75,-1.0,-1.0,-1.0,183.6,3210.0,8498.363471971068,4.757079549273421,4.408361036485615,688.0
2023-03-20 14:22:05,14.49,11.39,7.99,3.49,5.99,5.19,7.39,15.99,1.15,198059.0,85.31,17.16,699.0,141468.11607142858,132010.0,6799.0,21.7,12189.0,11699.0,6.64,-1.0,95.0,50.0,0.75,260.0,250.0,7.59,183.6,3210.0,8678.442804428045,4.738448829923338,4.3876351513331135,629.0
2023-03-21 13:40:20,14.49,11.39,7.99,3.49,5.99,5.19,7.39,15.99,1.15,198059.0,85.31,17.16,699.0,143558.7544642857,132500.0,-1.0,21.7,12207.0,11712.0,6.64,-1.0,95.0,50.0,0.75,235.92592592592592,250.0,5.95,183.6,3210.0,8555.918032786885,4.717389426746475,4.357262786452149,629.0
